major (origin),major2 (disambiguated),ID
all,all,1304
All,all,1304
人力资源管理,工商管理,1202
人力资源管理（人力资源管理、公共事业管理）,工商管理,1202
人力资源管理（含公共事业管理专业、人力资源管理专业）,工商管理,1202
人力资源管理（国家专项）,工商管理,1202
人力资源管理科,工商管理,1202
人工智能,计算机科学与技术,812
人文地理与城乡规划,地理学,705
人文地理与城乡规划（汉）,地理学,705
人文地理与城乡规划(单列),地理学,705
人文地理与城乡规划(南疆单列),地理学,705
人文地理与城乡规划（藏）,地理学,705
人文社科类,文科实验班,1301
人文科地理科与城乡规划,地理学,705
人文科学试验班,文科实验班,1301
人文科学试验班(人文艺术传播类),艺术学,504
人文科学试验班（可选专业：汉语言文学、历史、哲学）,文科实验班,1301
人文科学试验班（可选专业：汉语言文学、历史学、哲学）,文科实验班,1301
人文科学试验班（汉语言文学、历史学、哲学、法学）,文科实验班,1301
人文科学试验班（民考汉）,社会学,303
人文科学试验班(弘毅学堂),弘毅学堂,1401
人文科学试验班（国学方向）,文科实验班,1301
人文科学试验班（国家专项）,文科实验班,1301
儿科学,临床医学,1002
儿科学(五年),临床医学,1002
儿科学（五年制）,临床医学,1002
力学类(茅以升学院),茅以升学院,1402
土木工程,土木工程,814
土木工程 ,土木工程,814
土木工程（/普通类）,土木工程,814
土木工程(专项理）,土木工程,814
土木工程（中外合作）,土木工程,814
土木工程(中外合作),土木工程,814
土木工程（中外合作办学 中加）,土木工程,814
土木工程（中外合作办学）,土木工程,814
土木工程（公路与桥梁）,土木工程,814
土木工程（双语类）,土木工程,814
土木工程（汉）,土木工程,814
土木工程（含国际班）,土木工程,814
土木工程（卓越计划实验班）,土木工程,814
土木工程（国防生）,土木工程,814
土木工程（国家贫困专项）,土木工程,814
土木工程（单列）,土木工程,814
土木工程（单列类）,土木工程,814
土木工程(定向)（单列）,土木工程,814
土木工程(城市地下空间),土木工程,814
土木工程（城市地下空间）,土木工程,814
土木工程（普通类）,土木工程,814
土木工程（藏）,土木工程,814
土木工程【土木工程、土木工程（国际班）】,土木工程,814
土木类,土木工程,814
土木类(土木工程、建筑环境与能源应用工程、给排水科学与工程),土木工程,814
土木类（土木工程、建筑环境与能源应用工程、给排水科学与工程）,土木工程,814
土木类(中外合作办学),土木工程,814
土木类(茅以升学院),茅以升学院,1402
土木类（国家专项计划）,土木工程,814
土木类（高校专项）,土木工程,814
土地资源管理,公共管理,1204
土地资源管理（提前批）,公共管理,1204
土地资源管理科,公共管理,1204
土地整治工程,土木工程,814
土地整治工程（提前批）,土木工程,814
工业工程,轻工技术与工程,822
工业工程(工业技术管理方向),轻工技术与工程,822
工业工程（工业技术管理方向）,轻工技术与工程,822
工业工程（双语类）,轻工技术与工程,822
工业工程（招考方向:工业技术管理方向）,轻工技术与工程,822
工业工程（单列）,轻工技术与工程,822
工业工程（普通类）,轻工技术与工程,822
工业工程类,轻工技术与工程,822
工业工程类（中外合作办学）,轻工技术与工程,822
工业工程类（管理学Ⅰ）,轻工技术与工程,822
工业设计,轻工技术与工程,822
工业设计(双语类),轻工技术与工程,822
工业设计（单列）,轻工技术与工程,822
工业设计（普通类）,轻工技术与工程,822
工科试验班,工科实验班,1303
工科试验班(土木与环境类),环境科学与工程,830
工科试验班（大数据技术）,计算机科学与技术,812
工科试验班（电子类）,机械工程,802
工科试验班（电气类）,电气工程,808
工科试验班（生工高精尖班）,化学工程与技术,817
工科试验班(弘毅学堂),弘毅学堂,1401
工科试验班(动力与机械类),动力工程及工程热物理,807
工科试验班(动力装备与安全),动力工程及工程热物理,807
工科试验班（地质与水利工程类）,地质资源与地质工程,818
工科试验班（机械类）,机械工程,802
工科试验班（机械类）（汉）,机械工程,802
工科试验班（轨道交通）,交通运输工程,823
工科试验班（交通类）,交通运输工程,823
工科试验班（环境类）,环境科学与工程,830
工科试验班（矿业与安全类）,矿业工程,819
工科试验班(建筑城规景观与设计类),建筑学,813
工科试验班（城市建设类）,建筑学,813
工科试验班(信息类),信息与通讯工程,810
工科试验班(信息类)(少),信息与通讯工程,810
工科试验班(信息类)(汉),信息与通讯工程,810
工科试验班（高材精英班）,工科实验班,1303
工科试验班（能源类）,工科实验班,1303
工科试验班(绿色化工与生物医药),药学,1007
工科试验班（绿色化工与新能源类）,农业工程,828
工科试验班（提前批）,工科实验班,1303
工科试验班(智能化制造类),机械工程,802
工科试验班(智能交通与车辆类),机械工程,802
工科试验班(智能交通与车辆类)(少),机械工程,802
工科试验班(智能交通与车辆类)(汉),机械工程,802
工科试验班类（医工交叉试验班）,工科实验班,1303
工科试验班类(医工交叉试验班),工科实验班,1303
工科试验班类(卓越计划),工科实验班,1303
工科试验班类(国际通用工程学院),工科实验班,1303
工科试验班类（国际通用工程学院）,工科实验班,1303
工科试验班类(信息类),信息与通讯工程,810
工科试验班类（信息类）,信息与通讯工程,810
工科试验班类（航空航天类）,航空宇航科学与技术,825
工科试验班类(航空航天类),航空宇航科学与技术,825
工商管理,工商管理,1202
工商管理  (  中小企业管理  ),工商管理,1202
工商管理（五年）,工商管理,1202
工商管理（中外合作办学）,工商管理,1202
工商管理(中外合作办学),工商管理,1202
工商管理(中法创新实验班),工商管理,1202
工商管理（中法实验班）,工商管理,1202
工商管理(中法实验班),工商管理,1202
工商管理（中美121）,工商管理,1202
工商管理(中美校际交流),工商管理,1202
工商管理（双语实验班）,工商管理,1202
工商管理（双语类）,工商管理,1202
工商管理(双语教学班),工商管理,1202
工商管理（地球科学与商务）,工商管理,1202
工商管理（地球科学与商务方向）,工商管理,1202
工商管理(环境商务),工商管理,1202
工商管理（国际商务管理实验班）,工商管理,1202
工商管理（南疆单列）,工商管理,1202
工商管理（普通类）,工商管理,1202
工商管理[中法创新实验班],工商管理,1202
工商管理科,工商管理,1202
工商管理科类,工商管理,1202
工商管理科类（中美121双学位班，全英文科教学）,工商管理,1202
"工商管理科类(中美联合培养121国际班,全英文科教学)",工商管理,1202
工商管理科类(全英文科教学，中美121双学位班),工商管理,1202
"工商管理科类(会计学全英文科教学,中美联合培养121国际班)",工商管理,1202
"工商管理科类(旅游管理科全英文科教学,中美联合培养121国际班)",工商管理,1202
工商管理科类(酒店管理科专业全英文科教学，中美121双学位班),工商管理,1202
工商管理类,工商管理,1202
工商管理类 ,工商管理,1202
工商管理类（工商学院）,工商管理,1202
工商管理类（工商管理）,工商管理,1202
工商管理类(工商管理、人力资源管理),工商管理,1202
工商管理类(工商管理、人力资源管理、市场营销),工商管理,1202
工商管理类(工商管理、市场营销、人力资源管,工商管理,1202
工商管理类(工商管理、市场营销、人力资源管理),工商管理,1202
工商管理类（工商管理、市场营销、人力资源管理）,工商管理,1202
工商管理类(工商管理、会计学),工商管理,1202
工商管理类（工商管理、会计学）,工商管理,1202
工商管理类（工商管理、会计学）(少数民族）,工商管理,1202
工商管理类（工商管理、会计学）（汉族）,工商管理,1202
工商管理类（工商管理、会计学、市场营销）,工商管理,1202
"工商管理类（工商管理、会计学、市场营销、旅游管理、信息管理与信息系统
）",工商管理,1202
工商管理类（工商管理、会计学、市场营销、旅游管理、信息管理与信息系统）,工商管理,1202
工商管理类（工商管理、会计学、市场营销统）,工商管理,1202
工商管理类(专项文）,工商管理,1202
工商管理类(专项理）,工商管理,1202
工商管理类（少）,工商管理,1202
工商管理类（中外合作办学）,工商管理,1202
工商管理类（中外合作办学）（工商管理）,工商管理,1202
工商管理类(中外合作办学)(工商管理)(新华),工商管理,1202
工商管理类(中外合作办学)（工商管理）（新华国际商学院）,工商管理,1202
工商管理类(中外合作办学)(市场营销)(新华),工商管理,1202
工商管理类(中外合作办学)（市场营销）(新华国际商学院）,工商管理,1202
工商管理类(中外合作办学)(会计学(国际会计方向))(亚澳),工商管理,1202
工商管理类(中外合作办学)(会计学)(亚澳),工商管理,1202
工商管理类(中外合作办学)（会计学）（亚澳商学院）,工商管理,1202
工商管理类(中外合作办学)(会计学)(新华),工商管理,1202
工商管理类(中外合作办学)（会计学）（新华国际商学院）,工商管理,1202
工商管理类(中外合作办学)(国际商务)(亚澳),工商管理,1202
工商管理类(中外合作办学)（国际商务）（亚澳商学院）,工商管理,1202
工商管理类（文史）,工商管理,1202
工商管理类（文史国家贫困专项）,工商管理,1202
工商管理类（双语类）,工商管理,1202
工商管理类（汉）,工商管理,1202
工商管理类（会计学、工商管理）,工商管理,1202
工商管理类（会计学、工商管理、市场营销）,工商管理,1202
工商管理类（会计学院）,工商管理,1202
工商管理类（含:工商管理）,工商管理,1202
工商管理类(含工商管理、市场营销、人力资源管理、会计学、财务管理专业),工商管理,1202
工商管理类(含市场营销、工商管理、人力资源管理),工商管理,1202
工商管理类（国家专项）,工商管理,1202
工商管理类（国家专项计划）,工商管理,1202
工商管理类（国家贫困专项）,工商管理,1202
工商管理类（单列类）,工商管理,1202
工商管理类(南疆),工商管理,1202
工商管理类(南疆单列),工商管理,1202
工商管理类（理工）,工商管理,1202
工商管理类（理工国家贫困专项）,工商管理,1202
工商管理类（厦门大学与爱尔兰都柏林商学院合作举办）,工商管理,1202
工商管理类（普通类）,工商管理,1202
工商管理类（管理学Ⅱ）,工商管理,1202
工商管理类）,工商管理,1202
工程力学,数学;物理学;化学;天文学;地理学;大气科学;海洋科学;地球物理学;地质学;生物学;系统科学,701;702;703;704;705;706;707;708;709;710;711
工程力学（钱令希力学创新实验班）,数学;物理学;化学;天文学;地理学;大气科学;海洋科学;地球物理学;地质学;生物学;系统科学,701;702;703;704;705;706;707;708;709;710;711
工程力学【工程力学、飞行器设计与工程】,航空宇航科学与技术,825
工程造价,轻工技术与工程,822
工程管理,工商管理,1202
工程管理(中外合作办学),工商管理,1202
工程管理（双语类）,工商管理,1202
工程管理（单列）,工商管理,1202
工程管理（单列类）,工商管理,1202
工程管理（普通类）,工商管理,1202
工程管理科,工商管理,1202
大气科学,大气科学,706
大气科学(菁英班),大气科学,706
大气科学类,大气科学,706
大气科学类 ,大气科学,706
大数据管理与应用,数学,701
小学教育,教育学,401
小学教育(中文师范),教育学,401
小学教育（师范）,教育学,401
小学教育(师范),教育学,401
小学教育(英语师范),教育学,401
小学教育(科学师范),教育学,401
小学教育(信息技术师范),教育学,401
小学教育(数学师范),教育学,401
小学教育(德育师范),教育学,401
口腔医学,口腔医学,1003
口腔医学 ,口腔医学,1003
口腔医学(5+3),口腔医学,1003
口腔医学(五加三一体化),口腔医学,1003
口腔医学（五年）,口腔医学,1003
口腔医学(五年),口腔医学,1003
口腔医学(五年制),口腔医学,1003
口腔医学（五年制）,口腔医学,1003
口腔医学（国家贫困专项）,口腔医学,1003
口腔医学（学制五年）,口腔医学,1003
口腔医学(南单理）,口腔医学,1003
口腔医学技术,口腔医学,1003
广告学,新闻传播学,503
广告学 ,新闻传播学,503
广告学(双语类),新闻传播学,503
广告学（单列）,新闻传播学,503
广告学（厦门大学马来西亚分校）,新闻传播学,503
广告学（普通类）,新闻传播学,503
广告学(数字营销方向),新闻传播学,503
广播电视工程,艺术学,504
广播电视学,艺术学,504
广播电视编导,艺术学,504
广播电视编导（艺术文）,艺术学,504
卫生检验与检疫,公共卫生与预防医学,1004
飞行技术,哲学,101
飞行器动力工程,动力工程及工程热物理,807
飞行器设计与工程,航空宇航科学与技术,825
飞行器设计与工程（航天）,航空宇航科学与技术,825
飞行器环境与生命保障工程,航空宇航科学与技术,825
飞行器制造工程,航空宇航科学与技术,825
飞行器制造工程（航空维修工程与技术）,航空宇航科学与技术,825
飞行器适航技术,航空宇航科学与技术,825
飞行器控制与信息工程,航空宇航科学与技术,825
马克思主义理论,马克思主义理论,305
马克思主义理论 ,马克思主义理论,305
无机非金属材料工程,材料科学与工程,805
艺术设计学,艺术学,504
木材科学与工程,林业工程,829
木材科学与工程（中加合作办学项目）,林业工程,829
历史学,历史学,601
历史学（公费师范）,历史学,601
历史学（文史哲基地）,历史学,601
历史学（双语类）,历史学,601
历史学（师范）,历史学,601
历史学(师范),历史学,601
历史学（免费师范）,历史学,601
历史学（单列类）,历史学,601
历史学（预科）,历史学,601
历史学(基地班),历史学,601
历史学（基地班）,历史学,601
历史学（普通类）,历史学,601
历史学（蒙授）,历史学,601
历史学类,历史学,601
历史学类 ,历史学,601
历史学类（南疆计划）,历史学,601
历史建筑保护工程,建筑学,813
历史组,历史学,601
车辆工程,机械工程,802
车辆工程 ,机械工程,802
车辆工程(汉),机械工程,802
车辆工程（民）,机械工程,802
车辆工程(民),机械工程,802
车辆工程(汽车),机械工程,802
车辆工程（英语强化）,机械工程,802
车辆工程（卓越计划）,机械工程,802
车辆工程（定向）,机械工程,802
车辆类,机械工程,802
车辆类（国家专项）,机械工程,802
日语,外国语言文学,502
日语 ,外国语言文学,502
日语（文）,外国语言文学,502
日语（文科）,外国语言文学,502
日语（外语要求不低于110分）,外国语言文学,502
日语（宝山校区）,外国语言文学,502
日语（经贸日语）,外国语言文学,502
日语（经贸日语）（零起点）,外国语言文学,502
日语（涉外法商）,外国语言文学,502
日语（理）,外国语言文学,502
日语（提前批）,外国语言文学,502
日语（蒙授）,外国语言文学,502
日语(零起点),外国语言文学,502
日语（零起点）,外国语言文学,502
中西医临床医学,中西医结合,1006
中医学,中医学,1005
中医学（厦门大学马来西亚分校）,中医学,1005
中国少数民族语言文学,中国语言文学,501
中国少数民族语言文学（文史）,中国语言文学,501
中国少数民族语言文学（理工）,中国语言文学,501
中国少数民族语言文学（维吾尔语言/普通类）,中国语言文学,501
中国少数民族语言文学（朝鲜语言文学）,中国语言文学,501
中国少数民族语言文学（朝鲜语言文学）（中韩翻译）,中国语言文学,501
中国语言文学类,中国语言文学,501
中国语言文学类（双语类）,中国语言文学,501
中国语言文学类(汉语言文学、汉语国际教育),中国语言文学,501
中国语言文学类（汉语言文学、汉语国际教育）,中国语言文学,501
中国语言文学类(汉语言文学、秘书学)(含国家文科基地班),中国语言文学,501
中国语言文学类（汉语国际教育、汉语言）,中国语言文学,501
中国语言文学类（汉语国际教育、汉语言、汉语言文学）,中国语言文学,501
中国语言文学类(含汉语言文学(基地班)、秘书学、古典文献学),中国语言文学,501
中国语言文学类(茅以升学院),中国语言文学,501
中国语言文学类（单列类）,中国语言文学,501
中国语言文学类（普通类）,中国语言文学,501
中国语言文科学类,中国语言文学,501
中草药栽培与鉴定,中医学,1005
中药学,中医学,1005
中药资源与开发,中医学,1005
水土保持与荒漠化防治,林学,907
水文与水资源工程,水利工程,815
水文与水资源工程（双语类）,水利工程,815
水文与水资源工程（单列类）,水利工程,815
水文与水资源工程（普通类）,水利工程,815
水产养殖学,水产,908
水产养殖学（国家专项计划）,水产,908
水产类,水产,908
水利水电工程,水利工程,815
水利水电工程（民）,水利工程,815
水利水电工程（定向）,水利工程,815
水利水电工程（闽台合作）,水利工程,815
水利水电工程(闽台合作),水利工程,815
水利类,水利工程,815
水利类 ,水利工程,815
水利类（工学Ⅴ）,水利工程,815
水族科学与技术,生物学,710
水族科学与技术（国家专项计划）,生物学,710
化工与制药类,化学工程与技术,817
化工与制药类（化工环境生命类创新实验班）,化学工程与技术,817
化工与制药类（创新实验班）,化学工程与技术,817
化工与制药类(含化学工程与工艺、油气储运工程、轻化工程专业),化学工程与技术,817
化工与制药类(国际卓越工程师班),化学工程与技术,817
化工与制药类(国际卓越工程师班）,化学工程与技术,817
化学,化学,703
化学  (  轻化产品质量分析  ),化学,703
化学(中外合作办学),化学,703
化学（公费师范）,化学,703
化学（双语类）,化学,703
化学(师范),化学,703
化学（师范）,化学,703
化学（师范类）,化学,703
化学（免费师范）,化学,703
化学（单列）,化学,703
化学（单列类）,化学,703
化学(南单理）,化学,703
化学（轻化产品质量分析）,化学,703
化学（预科）,化学,703
化学（基地）,化学,703
化学(基地班),化学,703
化学（基础学科拔尖人才培养实验班）,化学,703
化学（普通类）,化学,703
化学工程与工艺,化学工程与技术,817
化学工程与工艺(中外合作办学）,化学工程与技术,817
化学工程与工艺(中外合作办学),化学工程与技术,817
化学工程与工艺(中外合作办学专业),化学工程与技术,817
化学工程与工艺（双语类）,化学工程与技术,817
化学工程与工艺（含化学工程与工艺、生物工程）,化学工程与技术,817
化学工程与工艺（含国际班）,化学工程与技术,817
化学工程与工艺(环境科学与工程),环境科学与工程,830
化学工程与工艺（环境科学与工程）（中外合作办学）,环境科学与工程,830
化学工程与工艺(环境科学与工程)(中外合作办学),环境科学与工程,830
化学工程与工艺（环境科学与工程）(中外合作办学）,环境科学与工程,830
化学工程与工艺(环境科学与工程)(中外合作办学专业),环境科学与工程,830
化学工程与工艺（单列）,化学工程与技术,817
化学工程与工艺（单列类）,化学工程与技术,817
化学工程与工艺（面向泉州）,化学工程与技术,817
化学工程与工艺(面向泉州),化学工程与技术,817
化学工程与工艺（厦门大学马来西亚分校）,化学工程与技术,817
化学工程与工艺(普通类）,化学工程与技术,817
化学工程与工艺（普通类）,化学工程与技术,817
化学工程与工艺(德国吕贝克),化学工程与技术,817
化学工程与工艺(德国克劳斯),化学工程与技术,817
化学工程与工艺-英才班,化学工程与技术,817
化学工程和工艺,化学工程与技术,817
化学化工菁英班,化学工程与技术,817
化学化工菁英班（国家专项）,化学工程与技术,817
化学生物学,化学工程与技术,817
化学-优培计划,化学,703
化学类,化学,703
化学类 ,化学,703
化学类（化妆品科学与技术类和光电信息类）,化学,703
化学类（化学、应用化学）,化学,703
化学类(化学、应用化学),化学,703
化学类(化学、应用化学) ,化学,703
化学类(化学、应用化学、材料化学),化学,703
化学类(含化学、应用化学),化学,703
化学类(含化学、应用化学专业),化学,703
公共卫生与预防医学类,公共卫生与预防医学,1004
公共关系,公共管理,1204
公共关系学,公共管理,1204
公共事业管理,公共管理,1204
公共事业管理 ,公共管理,1204
公共事业管理     ,公共管理,1204
公共事业管理（卫生事业管理）,公共管理,1204
公共事业管理(卫生事业管理方向),公共管理,1204
公共事业管理（文科）,公共管理,1204
公共事业管理(民族班),公共管理,1204
公共事业管理（国家专项计划）,公共管理,1204
公共事业管理（闽台合作项目）,公共管理,1204
公共事业管理(教育管理),公共管理,1204
公共事业管理科,公共管理,1204
公共事业管理科(社会保障管理科方向),公共管理,1204
公共管理科类,公共管理,1204
公共管理类,公共管理,1204
公共管理类　,公共管理,1204
公共管理类（汉）,公共管理,1204
公共管理类(汉),公共管理,1204
公共管理类（民）,公共管理,1204
公共管理类（行政管理、城市管理）,公共管理,1204
公共管理类（含公共事业管理、行政管理、劳动与社会保障专业）,公共管理,1204
公共管理类(含社会学、社会工作、公共事业管理、行政管理、劳动与社会保障专业),公共管理,1204
公共管理类（国家专项）,公共管理,1204
公共管理类(南疆),公共管理,1204
公共管理类（藏）,公共管理,1204
公共管理类(藏),公共管理,1204
公告管理类,公共管理,1204
风景园林,建筑学,813
风景园林（中加合作班）,建筑学,813
风景园林（国家专项计划）,建筑学,813
风景园林（学制5年）,建筑学,813
风景园林（预科）,建筑学,813
文化产业管理,"工商管理;农林经济管理;公共管理;图书馆,情报与档案管理",1202;1203;1204
文化产业管理（制片管理、公共文化与创意设计方向）,"工商管理;农林经济管理;公共管理;图书馆,情报与档案管理",1202;1203;1204
文化产业管理(制片管理、公共文化与创意设计方向),"工商管理;农林经济管理;公共管理;图书馆,情报与档案管理",1202;1203;1204
文化产业管理（影视制片管理、文化经纪方向）,"工商管理;农林经济管理;公共管理;图书馆,情报与档案管理",1202;1203;1204
文化遗产,民族学,304
文史,中国语言文学;外国语言文学;新闻传播学;艺术学,501;502;503;504
文物与保护技术,历史学,601
文物与博物馆学,历史学,601
文物保护技术,历史学,601
文物保护技术(定向),历史学,601
文科试验班类,文科实验班,1301
文科试验班类（语言与传播）,中国语言文学;外国语言文学;新闻传播学;艺术学,501;502;503;504
文科统招,中国语言文学;外国语言文学;新闻传播学;艺术学,501;502;503;504
计算机,计算机科学与技术,812
计算机科学与技术,计算机科学与技术,812
计算机科学与技术 (中外合作办学),计算机科学与技术,812
计算机科学与技术 (南单理）,计算机科学与技术,812
计算机科学与技术（大数据技术与应用方向）,计算机科学与技术,812
计算机科学与技术（与会计学复合）,计算机科学与技术,812
计算机科学与技术（日语强化）,计算机科学与技术,812
计算机科学与技术(中外合作办学),计算机科学与技术,812
计算机科学与技术(中外合作办学)（与俄罗斯圣光机大学合作办学，中,计算机科学与技术,812
计算机科学与技术(中外合作办学)（与俄罗斯圣光机大学合作办学，中英,计算机科学与技术,812
计算机科学与技术(中法校际交流),计算机科学与技术,812
计算机科学与技术（计算机卓越计划实验班）,计算机科学与技术,812
计算机科学与技术（双语类）,计算机科学与技术,812
计算机科学与技术(师范),计算机科学与技术,812
计算机科学与技术（网信安全）,计算机科学与技术,812
计算机科学与技术（网络与信息安全方向）,计算机科学与技术,812
计算机科学与技术(网络空间安全),计算机科学与技术,812
计算机科学与技术（免费师范）,计算机科学与技术,812
计算机科学与技术（国家专项计划）,计算机科学与技术,812
计算机科学与技术（金融信息化方向）,计算机科学与技术,812
计算机科学与技术（单列）,计算机科学与技术,812
计算机科学与技术（单列类）,计算机科学与技术,812
计算机科学与技术（定向）,计算机科学与技术,812
计算机科学与技术(定向),计算机科学与技术,812
计算机科学与技术（南疆单列）,计算机科学与技术,812
计算机科学与技术（高校专项）,计算机科学与技术,812
计算机科学与技术（预科）,计算机科学与技术,812
计算机科学与技术（厦门大学马来西亚分校）,计算机科学与技术,812
计算机科学与技术（普通类）,计算机科学与技术,812
计算机科学与技术专业（中外合作办学）,计算机科学与技术,812
计算机科学与技术类,计算机科学与技术,812
计算机类,计算机科学与技术,812
计算机类 ,计算机科学与技术,812
计算机类  (  经济信息管理类  ),计算机科学与技术,812
计算机类  (  经济信息管理类）,计算机科学与技术,812
计算机类  （经济信息管理类）,计算机科学与技术,812
计算机类(中外合作办学),计算机科学与技术,812
"计算机类(中外合作办学,计算机科学与技术)",计算机科学与技术,812
"计算机类(中外合作办学,软件工程)",计算机科学与技术,812
"计算机类(中美联合培养121国际班,全英文科教学)",计算机科学与技术,812
计算机类（计算机）,计算机科学与技术,812
计算机类(计算机学院),计算机科学与技术,812
计算机类（计算机学院）,计算机科学与技术,812
计算机类（计算机科学与技术(与会计学复合)、计算机科学与技术、软件,计算机科学与技术,812
计算机类(计算机科学与技术),计算机科学与技术,812
计算机类（计算机科学与技术、网络工程）,计算机科学与技术,812
计算机类（计算机科学与技术、网络工程、数据科学与大数据技术）,计算机科学与技术,812
计算机类(计算机科学与技术、网络工程、数据科学与大数据技术),计算机科学与技术,812
计算机类（计算机科学与技术、软件工程）,计算机科学与技术,812
计算机类(计算机科学与技术、软件工程),计算机科学与技术,812
计算机类(计算机科学与技术、软件工程) ,计算机科学与技术,812
计算机类（计算机科学与技术、软件工程、数据科学与大数据技术）,计算机科学与技术,812
计算机类（计算机科学与技术、数据科学与大数据技术）,计算机科学与技术,812
计算机类(汉),计算机科学与技术,812
计算机类（汉）,计算机科学与技术,812
计算机类（民）,计算机科学与技术,812
计算机类(民),计算机科学与技术,812
计算机类（网安）,计算机科学与技术,812
计算机类（网安学院）,计算机科学与技术,812
计算机类（含计算机科学与技术、网络工程专业）,计算机科学与技术,812
计算机类(含计算机科学与技术、软件工程专业),计算机科学与技术,812
计算机类(软件工程),计算机科学与技术,812
计算机类（国家专项）,计算机科学与技术,812
计算机类(国家网络安全学院),计算机科学与技术,812
计算机类（单列四年）,计算机科学与技术,812
计算机类（单列类）,计算机科学与技术,812
计算机类(定向),计算机科学与技术,812
计算机类（定向）,计算机科学与技术,812
计算机类（经济信息管理类）,计算机科学与技术,812
计算机类（信息网络安全）,计算机科学与技术,812
计算机类(信息网络安全),计算机科学与技术,812
计算机类(藏),计算机科学与技术,812
计算机类（藏）,计算机科学与技术,812
心理学,心理学,402
心理学(中外合作办学),心理学,402
心理学（公费师范）,心理学,402
心理学(师范),心理学,402
心理学（免费师范）,心理学,402
心理学（预科）,心理学,402
心理学专业（中外合作办学）,心理学,402
心理学类,心理学,402
心理学类(中外合作办学),心理学,402
心理学类(心理学),心理学,402
功能材料,材料科学与工程,805
世界史,历史学,601
古典文献学,中国语言文学,501
石油工程,石油与天然气工程,820
电子封装技术,电子科学与技术,809
电子科学与技术,电子科学与技术,809
电子科学与技术(民族班),电子科学与技术,809
电子科学与技术(国防生),电子科学与技术,809
电子科学与技术(微电子技术),电子科学与技术,809
电子科学与技术【电子科学与技术、集成电路设计与集成系统】,电子科学与技术,809
电子科学与技术类,电子科学与技术,809
电子科学与应用,电子科学与技术,809
电子信息工程,电子科学与技术,809
电子信息工程（中外合作办学 中爱）,电子科学与技术,809
电子信息工程(中外合作办学),电子科学与技术,809
电子信息工程（中外合作办学）,电子科学与技术,809
电子信息工程（双语类）,电子科学与技术,809
电子信息工程（电信卓越计划实验班）,电子科学与技术,809
电子信息工程（含英语强化班）,电子科学与技术,809
电子信息工程（卓越工程师班）,电子科学与技术,809
电子信息工程（卓越计划）,电子科学与技术,809
电子信息工程（单列）,电子科学与技术,809
电子信息工程（单列类）,电子科学与技术,809
电子信息工程（实验班）,电子科学与技术,809
电子信息工程(实验班),电子科学与技术,809
电子信息工程(实验班)(民族班),电子科学与技术,809
电子信息工程(实验班)(国家专项),电子科学与技术,809
电子信息工程（实验班）（国家专项）,电子科学与技术,809
电子信息工程（信息类数理提高班）,电子科学与技术,809
电子信息工程（闽台合作）,电子科学与技术,809
电子信息工程(闽台合作),电子科学与技术,809
电子信息工程（高校专项）,电子科学与技术,809
电子信息工程(教改班),电子科学与技术,809
电子信息工程（厦门大学马来西亚分校）,电子科学与技术,809
电子信息工程（普通类）,电子科学与技术,809
电子信息工程【电子信息工程、电子信息工程（英语强化）】,电子科学与技术,809
电子信息与工程专业（中外合作办学）,电子科学与技术,809
电子信息科学与技术,电子科学与技术,809
电子信息科学与技术(中外合作办学),电子科学与技术,809
电子信息科学与技术(国防生),电子科学与技术,809
电子信息类,电子科学与技术,809
电子信息类 ,电子科学与技术,809
电子信息类  （自动化与电气工程类）,电子科学与技术,809
电子信息类(中外合作办学),电子科学与技术,809
电子信息类（中外合作办学）,电子科学与技术,809
电子信息类（电子、电子（微毫米波）、信息工程）,电子科学与技术,809
电子信息类(电子工程),电子科学与技术,809
电子信息类(电子信息工程),电子科学与技术,809
电子信息类(电子信息工程、电子科学与技术、,电子科学与技术,809
电子信息类（电子信息工程、电子科学与技术、集成电路设计与集成系,电子科学与技术,809
电子信息类（电子信息工程、电子科学与技术、集成电路设计与集成系统,电子科学与技术,809
电子信息类(电子信息工程、电子科学与技术、集成电路设计与集成系统,电子科学与技术,809
电子信息类(电子信息工程、通信工程),电子科学与技术,809
电子信息类（电子信息工程、通信工程）,电子科学与技术,809
电子信息类（电子信息工程、通信工程、计算机科学与工程、数字媒体技术）,电子科学与技术,809
电子信息类（电子信息工程、通信工程、计算机科学与技术、数字媒体技术）,电子科学与技术,809
电子信息类（电子信息工程、通信工程、计算机科学与技术、数字媒体技术）,电子科学与技术,809
电子信息类(电子信息工程、通信工程、光电信息科学与工程),电子科学与技术,809
电子信息类（电子信息类、通信工程、计算机科学与技术、数字媒体技术）,电子科学与技术,809
电子信息类（电气信息类创新实验班）,电子科学与技术,809
电子信息类（电信学院）,电子科学与技术,809
电子信息类(汉),电子科学与技术,809
电子信息类（汉）,电子科学与技术,809
电子信息类(民族班),电子科学与技术,809
电子信息类（光电学院）,电子科学与技术,809
电子信息类（自动化与电气工程类）,电子科学与技术,809
电子信息类（创新实验班）,电子科学与技术,809
电子信息类(含电子信息工程、通信工程、光电信息科学与工程),电子科学与技术,809
电子信息类(含测控技术与仪器、电气工程及其自动化、信息工程、自动化专业),电子科学与技术,809
电子信息类(茅以升学院),电子科学与技术,809
电子信息类（国家专项）,电子科学与技术,809
电子信息类（国家专项计划）,电子科学与技术,809
电子信息类(物理与光电工程),电子科学与技术,809
电子信息类（物理与光电工程）,电子科学与技术,809
电子信息类（空间电子信息）,电子科学与技术,809
电子信息类(空间电子信息),电子科学与技术,809
电子信息类（实验班）,电子科学与技术,809
电子信息类（信息工程）,电子科学与技术,809
电子信息类(信息通信),电子科学与技术,809
电子信息类(通信),电子科学与技术,809
电子信息类（通信工程、电子信息科学与技术）,电子科学与技术,809
电子信息类(通信工程、电子信息科学与技术),电子科学与技术,809
电子信息类（通信与控制）,电子科学与技术,809
电子信息类(通信与控制),电子科学与技术,809
电子信息类(微电子与集成电路),电子科学与技术,809
电子信息类（微电子与集成电路）,电子科学与技术,809
电子信息类(藏),电子科学与技术,809
电子信息类（藏）,电子科学与技术,809
电子商务,电子科学与技术,809
电子商务  (  互联网商务  ),电子科学与技术,809
电子商务（支付结算方向）,电子科学与技术,809
电子商务（文史）,电子科学与技术,809
电子商务(文史),电子科学与技术,809
电子商务(理工),电子科学与技术,809
电子商务（理工）,电子科学与技术,809
电子商务及法律（中外合作办学）,电子科学与技术,809
电气工程与智能控制,电气工程,808
电气工程及自动化,电气工程,808
电气工程及其自动化,电气工程,808
电气工程及其自动化 ,电气工程,808
电气工程及其自动化(专项理）,电气工程,808
电气工程及其自动化(中外合作办学),电气工程,808
电气工程及其自动化（双语类）,电气工程,808
电气工程及其自动化(电子信息工程),电气工程,808
电气工程及其自动化（电子信息工程)(中外合作办学）,电气工程,808
电气工程及其自动化(电子信息工程)(中外合作办学),电气工程,808
电气工程及其自动化（电子信息工程）（中外合作办学）,电气工程,808
电气工程及其自动化(电子信息工程)(中外合作办学专业),电气工程,808
电气工程及其自动化（电气卓越计划实验班）,电气工程,808
电气工程及其自动化（汉）,电气工程,808
电气工程及其自动化(民族班),电气工程,808
电气工程及其自动化（国家专项计划）,电气工程,808
电气工程及其自动化（国家贫困专项）,电气工程,808
电气工程及其自动化（单列）,电气工程,808
电气工程及其自动化（单列类）,电气工程,808
电气工程及其自动化(定向)#B9,电气工程,808
电气工程及其自动化(闽台合作),电气工程,808
电气工程及其自动化（闽台合作）,电气工程,808
电气工程及其自动化（高校专项）,电气工程,808
电气工程及其自动化（普通类）,电气工程,808
电气工程及其自动化(新能源国际班),电气工程,808
电气工程及其自动化（新能源国际班）,电气工程,808
电气工程及其自动化（藏）,电气工程,808
电气与自动化类,电气工程,808
电气类,电气工程,808
电气类（工学Ⅲ）,电气工程,808
电气类(中外合作办学),电气工程,808
电气类（中外合作办学）,电气工程,808
电气类(中外合作办学)(电气工程及其自动化),电气工程,808
电气类(电气与自动化类),电气工程,808
电气类（代表理学工学类）,电气工程,808
电气类(茅以升学院),电气工程,808
电气类(定向),电气工程,808
电气类（按电气与自动化类招生，含自动化、电气工程及其自动化）,电气工程,808
电气类（按电气与自动化类培养）,电气工程,808
电气类（按电气与自动化类培养）（定向）,电气工程,808
电气类（理学工学类）,电气工程,808
电波传播与天线,电气工程,808
电信工程及管理（中外合作办学）,电气工程,808
电磁场与无线技术,电子科学与技术,809
电影制作,艺术学,504
电影制作（延长校区）,艺术学,504
生态学,生物学,710
生态学（中加合作班）,生物学,710
生态学（双语类）,生物学,710
生态学（单列）,生物学,710
生态学(类),生物学,710
生态学（普通类）,生物学,710
生态学类,生物学,710
生物工程,化学工程与技术,817
生物工程(中外合作办学),化学工程与技术,817
生物工程（中外合作办学）,化学工程与技术,817
生物工程（双语类）,化学工程与技术,817
生物工程（卓越计划）,化学工程与技术,817
生物工程（单列）,化学工程与技术,817
生物工程（单列类）,化学工程与技术,817
生物工程（普通类）,化学工程与技术,817
生物工程类,化学工程与技术,817
生物工程类（工学Ⅳ）,化学工程与技术,817
生物工程类(中外合作办学),化学工程与技术,817
生物工程类(含生物工程、生物科学、生物技术专业),化学工程与技术,817
生物工程类（绿色生物制造与生物安全）,化学工程与技术,817
生物技术,化学工程与技术,817
生物技术  (  化妆品  ),化学工程与技术,817
生物技术  (  高精尖项目  ),化学工程与技术,817
生物技术（中外合作办学）,化学工程与技术,817
生物技术(中外合作办学),化学工程与技术,817
生物技术（中加合作办学项目）,化学工程与技术,817
生物技术（化妆品）,化学工程与技术,817
生物技术（公费师范）,化学工程与技术,817
生物技术(生命科学与技术基地班),化学工程与技术,817
生物技术（闽台合作）,化学工程与技术,817
生物技术(闽台合作),化学工程与技术,817
生物技术（基地）,化学工程与技术,817
生物技术（基础学科生物科技实验班）,化学工程与技术,817
生物技术（基础学科生物科学与技术实验班）,化学工程与技术,817
生物技术专业（中外合作办学）,化学工程与技术,817
生物医学工程,化学工程与技术,817
生物医学工程（工医理交叉国际化实验班）,化学工程与技术,817
生物医学工程（工程科学学院）,化学工程与技术,817
生物医学工程（生医卓越计划实验班）,化学工程与技术,817
生物医学工程（民）,化学工程与技术,817
生物医学工程类,化学工程与技术,817
生物医学工程类（生物与药学）,化学工程与技术,817
生物医学工程类(生物医学工程与仪器类),化学工程与技术,817
生物医学工程类（国家专项）,化学工程与技术,817
生物医学工程类（按生物医学工程与仪器类培养）,化学工程与技术,817
生物制药,化学工程与技术,817
生物科学,化学工程与技术,817
生物科学（中美121）,化学工程与技术,817
生物科学（贝时璋菁英班）,化学工程与技术,817
生物科学（公费师范）,化学工程与技术,817
生物科学（双语类）,化学工程与技术,817
生物科学（本硕博班）,化学工程与技术,817
生物科学（生物学基地班）,化学工程与技术,817
生物科学（动物学）,化学工程与技术,817
生物科学(师范),化学工程与技术,817
生物科学（师范）,化学工程与技术,817
生物科学（免费师范）,化学工程与技术,817
生物科学（单列）,化学工程与技术,817
生物科学（单列类）,化学工程与技术,817
生物科学（预科）,化学工程与技术,817
生物科学（理科实验班）,化学工程与技术,817
生物科学（基地）,化学工程与技术,817
生物科学（基地班）,化学工程与技术,817
生物科学(基地班),化学工程与技术,817
生物科学(菁英班),化学工程与技术,817
生物科学（普通类）,化学工程与技术,817
生物科学类,化学工程与技术,817
生物科学类 ,化学工程与技术,817
生物科学类（少）,化学工程与技术,817
生物科学类(中外合作办学),化学工程与技术,817
生物科学类（中外合作办学）,化学工程与技术,817
生物科学类(中外合作办学)(生物技术),化学工程与技术,817
生物科学类(生物技术),化学工程与技术,817
生物科学类(生物科学、生物技术),化学工程与技术,817
生物科学类（生物科学、生物技术）,化学工程与技术,817
生物科学类(生物科学、生物技术) ,化学工程与技术,817
生物科学类(生物科学、生物技术)(含国家理科基地班),化学工程与技术,817
生物科学类(生物科学、生物技术)(南疆单列计划),化学工程与技术,817
生物科学类(生物科学、生物技术、生态学),化学工程与技术,817
生物科学类（生物科学、生物技术、生态学）,化学工程与技术,817
生物科学类（生物科学、生物技术、生态学）（公费师范生）,化学工程与技术,817
生物科学类(含生物科学(基地班)、 生物技术),化学工程与技术,817
生物科学类（含生物科学、生物技术专业）,化学工程与技术,817
生物科学类（含生物科学专业、生物技术、生态学）,化学工程与技术,817
生物科学类（含生物科学专业、生物技术专业、生态学）,化学工程与技术,817
生物信息学,生物学,710
生命科学类,化学工程与技术,817
印度尼西亚语,外国语言文学,502
外交学,政治学,302
外交学（国际组织与全球治理）,政治学,302
外交学（法语与法语国家研究）,政治学,302
外国语言文学类,外国语言文学,502
外国语言文学类(双外语),外国语言文学,502
外国语言文学类(含英语、俄语、德语、法语、日语、意大利语),外国语言文学,502
外国语言文学类(含英语、德语、日语专业),外国语言文学,502
外国语言文学类（按语言类招生，含英语(与国贸复合)、英语）,外国语言文学,502
外国语言文学类（按语言类培养）,外国语言文学,502
外国语言文学类(俄语、西班牙语、法语、日语、朝鲜语)(双外语),外国语言文学,502
包装工程,纺织科学与工程,821
市场营销,工商管理,1202
市场营销（中外合作办学）,工商管理,1202
市场营销（双语类）,工商管理,1202
市场营销（市场营销、物流管理、电子商务）,工商管理,1202
市场营销（国家专项计划）,工商管理,1202
市场营销（单列类）,工商管理,1202
市场营销（普通类）,工商管理,1202
汉文学（汉）,中国语言文学,501
汉文学（藏）,中国语言文学,501
汉语言,中国语言文学,501
汉语言#H,中国语言文学,501
汉语言（民考汉文史）,中国语言文学,501
汉语言(民考汉南单文）,中国语言文学,501
汉语言(民考汉南单理）,中国语言文学,501
汉语言（民考汉理工）,中国语言文学,501
汉语言文学,中国语言文学,501
汉语言文学 ,中国语言文学,501
汉语言文学（公费师范）,中国语言文学,501
汉语言文学（文史哲基地）,中国语言文学,501
汉语言文学（文学/汉）,中国语言文学,501
汉语言文学（双语班）,中国语言文学,501
汉语言文学(双语班南单文）,中国语言文学,501
汉语言文学（汉）,中国语言文学,501
汉语言文学(汉),中国语言文学,501
汉语言文学（民）,中国语言文学,501
汉语言文学(民族班),中国语言文学,501
汉语言文学(师范),中国语言文学,501
汉语言文学（师范类）,中国语言文学,501
汉语言文学(师范类),中国语言文学,501
汉语言文学(戏剧影视文学),中国语言文学,501
汉语言文学（戏剧影视文学）,中国语言文学,501
汉语言文学（财经文秘方向）,中国语言文学,501
汉语言文学（免费师范）,中国语言文学,501
汉语言文学（单列）,中国语言文学,501
汉语言文学（法商文秘）,中国语言文学,501
汉语言文学(定向),中国语言文学,501
汉语言文学（定向）,中国语言文学,501
汉语言文学（高校专项）,中国语言文学,501
汉语言文学（预科）,中国语言文学,501
汉语言文学（基地班）,中国语言文学,501
汉语言文学（厦门大学马来西亚分校）,中国语言文学,501
汉语言文学(普通类),中国语言文学,501
汉语言文学(藏),中国语言文学,501
汉语言文科学,中国语言文学,501
汉语国际教育,教育学,401
汉语国际教育（双语类）,教育学,401
汉语国际教育（单列）,教育学,401
汉语国际教育（单列类）,教育学,401
汉语国际教育（普通类）,教育学,401
尼泊尔语,外国语言文学,502
民族学,民族学,304
民族学 ,民族学,304
边防管理,"工商管理;农林经济管理;公共管理;图书馆,情报与档案管理",1202;1203;1204
动画,艺术学,504
动物生产类,生物学,710
动物生产类（动物科学、动物医学）,生物学,710
动物医学,生物学,710
动物医学(中兽医学方向),生物学,710
动物医学（本硕博班）,生物学,710
动物医学（国家专项计划）,生物学,710
动物医学(宠物医学方向),生物学,710
动物医学（宠物医学方向）,生物学,710
动物医学（宠物医学方向，国家专项计划）,生物学,710
动物医学类,生物学,710
动物药学,生物学,710
动物药学（国家专项计划）,生物学,710
动物科学,生物学,710
动物科学(大数据方向),生物学,710
动物科学（本硕博班）,生物学,710
动物科学(拔尖人才创新实验班),生物学,710
动物科学（国家专项计划）,生物学,710
动物科学(食品科学方向),生物学,710
动物科学（食品科学方向）,生物学,710
动物科学（食品科学方向，国家专项计划）,生物学,710
动植物检疫,生物学,710
考古学,历史学,601
地下水科学与工程,测绘科学与技术,816
地下水科学与工程(中外合作办学),测绘科学与技术,816
地下水信息工程,测绘科学与技术,816
地质工程,地质资源与地质工程,818
地质工程 ,地质资源与地质工程,818
地质工程（双语类）,地质资源与地质工程,818
地质工程（汉）,地质资源与地质工程,818
地质工程（民）,地质资源与地质工程,818
地质工程（含卓越工程师）,地质资源与地质工程,818
地质工程（含卓越工程师）（提前批）,地质资源与地质工程,818
地质工程（含卓越班）,地质资源与地质工程,818
地质工程（单列）,地质资源与地质工程,818
地质工程（单列类）,地质资源与地质工程,818
地质工程（定向）,地质资源与地质工程,818
地质工程(定向),地质资源与地质工程,818
地质工程(提前批）,地质资源与地质工程,818
地质工程（普通类）,地质资源与地质工程,818
地质工程(藏),地质资源与地质工程,818
地质工程（藏）,地质资源与地质工程,818
地质学,地质学,709
地质学（地质地球物理复合）,地球物理学,708
地质学（旅游地学）,地质学,709
地质学（理科基地班）,地理学,705
地质学(基地班),地质学,709
地质学（基地班）,地质学,709
地质学类,地质学,709
地质学类 ,地质学,709
地质学类(地球科学菁英班),地质学,709
地质学类(含国家理科基地班),地理学,705
地质学类(菁英班),地质学,709
地质学类（提前批）,地质学,709
地质类,地质学,709
地球化学,地质学,709
地球物理学,地球物理学,708
地球物理学类,地球物理学,708
地球物理学类(地球物理与信息类),地球物理学,708
地球物理学类(菁英班),地球物理学,708
地球物理学类（提前批）,地球物理学,708
地球信息科学与技术,地质资源与地质工程,818
地理空间信息工程,测绘科学与技术,816
地理科学,地理学,705
地理科学（公费师范）,地理学,705
地理科学（公费师范生）,地理学,705
地理科学(师范),地理学,705
地理科学（师范）,地理学,705
地理科学（免费师范）,地理学,705
地理科学（预科）,地理学,705
地理科学类,地理学,705
地理科学类 ,地理学,705
地理科学类（地理科学、地理信息系统）,地理学,705
地理科学类（地理科学、地理信息科学）,地理学,705
地理科学类(自然地理与资源环境、人文地理与城乡规划、地理信息科学),理论经济学,201
地理科学类（基地班：自然地理与资源环境、人文地理与城乡规划、地理信息科学）,理论经济学,201
地理科学类(基地班：自然地理与资源环境、人文地理与城乡规划、地理信息科学）,理论经济学,201
地理信息科学,地理学,705
地理信息科学（双语类）,地理学,705
地理信息科学（普通类）,地理学,705
机械工程,机械工程,802
机械工程（中白联合培养）,机械工程,802
机械工程（双语类）,机械工程,802
机械工程（单列）,机械工程,802
机械工程（普通类）,机械工程,802
机械与海洋工程类,机械工程,802
机械电子工程,机械工程,802
机械设计及其自动化(专项理）,机械工程,802
机械设计制造及自动化,机械工程,802
机械设计制造及其自动化,机械工程,802
机械设计制造及其自动化（日语强化）,机械工程,802
机械设计制造及其自动化（中外合作办学）（大连理工大学美国加州大学欧文分校联合项目）,机械工程,802
机械设计制造及其自动化(中法校际交流),机械工程,802
机械设计制造及其自动化(汉),机械工程,802
机械设计制造及其自动化（汉）,机械工程,802
机械设计制造及其自动化（机械卓越计划实验班）,机械工程,802
机械设计制造及其自动化（创新实验班）,机械工程,802
机械设计制造及其自动化（卓越计划）,机械工程,802
机械设计制造及其自动化（国家贫困专项）,机械工程,802
机械设计制造及其自动化（单列四年）,机械工程,802
机械设计制造及其自动化（闽台合作）,机械工程,802
机械设计制造及其自动化(闽台合作),机械工程,802
机械设计制造及其自动化（闽台合作项目）,机械工程,802
机械设计制造及其自动化（普通类）,机械工程,802
机械设计制造及其自动化（藏）,机械工程,802
机械设计制造及其自动化【机械设计制造及其自动化、机械设计制造及其自动化（国际班）】,机械工程,802
机械学,机械工程,802
机械类,机械工程,802
机械类  （机电工程类）,机械工程,802
机械类#E,机械工程,802
机械类（工学Ⅰ）,机械工程,802
机械类(车辆),机械工程,802
机械类(中外合作办学),机械工程,802
机械类（中外合作办学）,机械工程,802
机械类（中外合作办学）（机械工程）,机械工程,802
机械类（双语类）,机械工程,802
机械类（汉）,机械工程,802
机械类(民族班),机械工程,802
机械类(机电),机械工程,802
机械类（机电工程类）,机械工程,802
机械类（机械工程）,机械工程,802
机械类(机械与海洋工程类),机械工程,802
机械类(机械设计与海洋工程类培养，含机械设计制造及其自动化、车辆,机械工程,802
机械类（机械设计制造及其自动化、车辆工程）,机械工程,802
机械类（机械设计制造及其自动化、车辆工程）（按机械与海洋工程类,机械工程,802
机械类（机械设计制造及其自动化、车辆工程）（按机械与海洋工程类培,机械工程,802
机械类（机械设计制造及其自动化、农业机械化及其自动化）,机械工程,802
机械类（机械类创新实验班）,机械工程,802
机械类(含机械设计制造及其自动化、车辆工程),机械工程,802
机械类（含机械设计制造及其自动化、农业机械化及其自动化专业）,机械工程,802
机械类(含机械设计制造及其自动化、材料成型及控制工程、过程装备与控制工程专业),机械工程,802
机械类(茅以升学院),机械工程,802
机械类（国家专项）,机械工程,802
机械类（国家专项计划）,机械工程,802
机械类（单列类）,机械工程,802
机械类（按机械与海洋工程类招生，含机械设计制造及其自动化、车辆工,机械工程,802
机械类（按机械与海洋工程类培养）,船舶与海洋工程,824
机械类(按机械与海洋工程类培养),船舶与海洋工程,824
机械类(按机械与海洋工程类培养)(机械设计制造及其自动化、车辆工程),机械工程,802
机械类(按机械与海洋工程类培养，含机械设计,船舶与海洋工程,824
机械类（按机械与海洋工程类培养，含机械设计制造及其自动化、车辆工,船舶与海洋工程,824
机械类（高校专项）,机械工程,802
机械类（高端装备与智能制造）,机械工程,802
机械类（高端装备与智能制造、机器人）,机械工程,802
机械类（智能装备）,机械工程,802
机械类（普通类）,机械工程,802
机械类（藏）,机械工程,802
机械类）,机械工程,802
机器人工程,机械工程,802
过程装备与控制工程,控制科学与工程,811
过程装备与控制工程（双语类）,控制科学与工程,811
过程装备与控制工程（含安全工程专业）,控制科学与工程,811
过程装备与控制工程（单列）,控制科学与工程,811
过程装备与控制工程(面向泉州),控制科学与工程,811
过程装备与控制工程（面向泉州）,控制科学与工程,811
过程装备与控制工程（普通类）,控制科学与工程,811
过程装备与控制工程【过程装备与控制工程、安全工程】,控制科学与工程,811
西班牙语,外国语言文学,502
西班牙语（企业管理）,外国语言文学,502
西班牙语（商务）,外国语言文学,502
轨道交通信号与控制,交通运输工程,823
光电技术与物理类,电气工程,808
光电信息科学与工程,电气工程,808
光电信息科学与工程（“王大珩”光电创新实验班）,电气工程,808
光电信息科学与工程（王大珩光电创新实验班）,电气工程,808
光电信息科学与工程（少）,电气工程,808
光电信息科学与工程(光电技术与物理类),电气工程,808
光电信息科学与工程（光电卓越计划实验班）,电气工程,808
光电信息科学与工程（光电信息技术方向）,电气工程,808
光电信息科学与工程(光电信息技术方向),电气工程,808
光电信息科学与工程（光电信息技术方向）（按光电技术与物理类招生）,电气工程,808
光电信息科学与工程（国家专项）,电气工程,808
光电信息科学与工程（定向）,电气工程,808
光电信息科学与工程（按光电技术与物理类培养）,电气工程,808
光电信息科学与工程(按光电技术与物理类培养),电气工程,808
光电信息科学与工程（按光电技术物理类培养）,电气工程,808
光电信息科学与工程(智能影像工程方向),电气工程,808
光电信息科学与工程（普通类）,电气工程,808
光电信息科学与工程【光电信息科学与工程、测控技术与仪器】,电气工程,808
网络工程,计算机科学与技术,812
网络工程(网络空间安全类),计算机科学与技术,812
网络工程（按网络空间安全类招生）,计算机科学与技术,812
网络工程(铁道信号方向),计算机科学与技术,812
网络与信息安全类,计算机科学与技术,812
网络与新媒体,计算机科学与技术,812
网络与新媒体(智能融媒体运营方向),计算机科学与技术,812
网络与新媒体（媒体创意方向）,计算机科学与技术,812
网络与新媒体(媒体创意方向),计算机科学与技术,812
网络与新媒体（新媒体网络经营方向）,计算机科学与技术,812
网络空间安全,计算机科学与技术,812
网络空间安全（双语类）,计算机科学与技术,812
网络空间安全（单列类）,计算机科学与技术,812
网络空间安全（按网络空间安全类培养）,计算机科学与技术,812
网络空间安全(按网络空间安全类培养),计算机科学与技术,812
网络空间安全（普通类）,计算机科学与技术,812
网络空间安全类,计算机科学与技术,812
传播学,新闻传播学,503
传播学（网络传播）,新闻传播学,503
传播学（网络编辑方向）,新闻传播学,503
传播学(网络编辑方向),新闻传播学,503
传播学（网络新媒体方向）,新闻传播学,503
传播学（媒体市场调查与分析方向）,新闻传播学,503
传播学(媒体市场调查与分析方向),新闻传播学,503
传播学（新媒体方向）,新闻传播学,503
传播学(新媒体方向),新闻传播学,503
传播学（新媒体传播方向）,新闻传播学,503
自动化,电气工程,808
自动化 ,电气工程,808
自动化（中外合作办学 中爱）,电气工程,808
自动化(中外合作办学),电气工程,808
自动化（中外合作办学）,电气工程,808
自动化(中外合作办学)（与俄罗斯圣光机大学合作办学，中英文授课，,电气工程,808
自动化(中外合作办学)（与俄罗斯圣光机大学合作办学，中英文授课，学,电气工程,808
自动化（双语类）,电气工程,808
自动化(汉),电气工程,808
自动化（汉）,电气工程,808
自动化（民）,电气工程,808
自动化（交叉创新实验班）,电气工程,808
自动化（含卓越工程师）,电气工程,808
自动化（卓越计划）,电气工程,808
自动化（卓越计划实验班）,电气工程,808
自动化（单列）,电气工程,808
自动化（单列类）,电气工程,808
自动化(定向),电气工程,808
自动化（定向）,电气工程,808
自动化(定向)#B9,电气工程,808
自动化（高校专项）,电气工程,808
自动化（理科交叉创新实验班）,电气工程,808
自动化（普通类）,电气工程,808
自动化(演艺工程与智能技术方向),电气工程,808
自动化（演艺工程与舞台技术方向）,电气工程,808
自动化（藏）,电气工程,808
自动化专业（中外合作办学）,电气工程,808
自动化类,电气工程,808
自动化类(中外合作办学),电气工程,808
自动化类(机器人与人工智能),电气工程,808
自动化类(自动化),电气工程,808
自动化类（国家专项）,电气工程,808
自然地理与资源环境,农业资源与环境,903
自然地理与资源环境（双语类）,农业资源与环境,903
自然地理与资源环境（单列类）,农业资源与环境,903
自然地理与资源环境（普通类）,农业资源与环境,903
自然保护与环境生态类,法学,301
自然保护与环境生态类（农学）,法学,301
自然保护与环境生态类（国家专项计划）,法学,301
自然保护与环境生态类（预科）,法学,301
行政管理,公共管理,1204
行政管理 ,公共管理,1204
行政管理(中美合作1+2+1),公共管理,1204
行政管理（文）,公共管理,1204
行政管理（双语类）,公共管理,1204
行政管理（单列）,公共管理,1204
行政管理（单列类）,公共管理,1204
行政管理（高校专项）,公共管理,1204
行政管理（理）,公共管理,1204
行政管理（智慧城市治理方向）,公共管理,1204
行政管理(智慧城市治理方向),公共管理,1204
行政管理（普通类）,公共管理,1204
行政管理科,公共管理,1204
会计学,工商管理,1202
会计学 ,工商管理,1202
会计学  (  双培计划  ),工商管理,1202
会计学  (  外培计划  ),工商管理,1202
会计学#H,工商管理,1202
会计学(ACCA),工商管理,1202
会计学（ACCA方向）,工商管理,1202
会计学（中外合作办学）,工商管理,1202
会计学(中外合作办学),工商管理,1202
会计学（双语实验班）,工商管理,1202
会计学（汉）,工商管理,1202
会计学（民）,工商管理,1202
会计学（会计学、财务管理、审计学）,工商管理,1202
会计学(会计学类),工商管理,1202
会计学(含会计学、财务管理),工商管理,1202
会计学（含会计学、财务管理）,工商管理,1202
会计学(含会计学、财务管理、审计学),工商管理,1202
会计学（含会计学、财务管理专业）,工商管理,1202
会计学（国防生）,工商管理,1202
会计学（国际会计师）,工商管理,1202
会计学(国际会计师),工商管理,1202
会计学（注册会计师）,工商管理,1202
会计学（注册会计师专门化方向）,工商管理,1202
会计学（注会实验班）,工商管理,1202
会计学（按会计学类培养）,工商管理,1202
会计学(按会计学类培养),工商管理,1202
会计学(按会计学类培养)(含会计学、财务管理、审计学),工商管理,1202
会计学(按会计学类培养，会计学、财务管理、审,"工商管理;农林经济管理;公共管理;图书馆,情报与档案管理",1202;1203;1204
会计学(按会计学类培养，含会计学、财务管理、,工商管理,1202
会计学（按会计学类培养，含会计学、财务管理、审计学）,工商管理,1202
会计学(按会计学类培养，含会计学、财务管理、审计学),工商管理,1202
会计学（茶学院）,工商管理,1202
会计学（闽台合作项目）,工商管理,1202
会计学（厦门大学与爱尔兰都柏林商学院合作举办）,工商管理,1202
会计学（厦门大学马来西亚分校）,工商管理,1202
会计学（智能会计）,工商管理,1202
会计学(藏),工商管理,1202
会计学（藏）,工商管理,1202
会计学类,工商管理,1202
会展经济与管理,公共管理,1204
会展经济与管理科,公共管理,1204
匈牙利语,外国语言文学,502
交通工程,交通运输工程,823
交通工程（双语类）,交通运输工程,823
交通工程（国际工程班）,交通运输工程,823
交通工程（单列）,交通运输工程,823
交通工程（单列类）,交通运输工程,823
交通工程（普通类）,交通运输工程,823
交通工程??????????? （国际工程班）,交通运输工程,823
交通设备与控制工程,交通运输工程,823
交通设备与控制工程（中白联合培养）,交通运输工程,823
交通运输,交通运输工程,823
交通运输（民航电子电气工程）,交通运输工程,823
交通运输（民航机务工程）,交通运输工程,823
交通运输（民航运输管理）,交通运输工程,823
交通运输（机场运行与管理）,交通运输工程,823
交通运输（空中交通管制与签派）,交通运输工程,823
交通运输(城市轨道交通方向),交通运输工程,823
交通运输类,交通运输工程,823
交通运输类（汉）,交通运输工程,823
交通运输类（民）,交通运输工程,823
交通运输类（汽车学院）,交通运输工程,823
交通运输类(茅以升学院),交通运输工程,823
交通运输类（经管学院）,交通运输工程,823
交通运输类（藏）,交通运输工程,823
交通运输类(藏),交通运输工程,823
交通管理,交通运输工程,823
宇航与机电类,航空宇航科学与技术,825
宇航与机电类(民族班),航空宇航科学与技术,825
宇航与机电类(国家专项),航空宇航科学与技术,825
安全工程,矿业工程,819
安全工程(民族班),矿业工程,819
安全工程(交通安全与信息技术),矿业工程,819
安全工程（安全检测技术）,矿业工程,819
安全工程(定向),矿业工程,819
安全工程（定向）,矿业工程,819
安全科学与工程类,矿业工程,819
安全科学与工程类(中外合作办学),矿业工程,819
农业水利工程,农业工程,828
农业电气化,农业工程,828
农业机械化及其自动化,农业工程,828
农业机械化及其自动化（本硕博班）,农业工程,828
农业经济管理类,农林经济管理,1203
农业经济管理类（民考汉）,农林经济管理,1203
农业经济管理类（国家专项）,农林经济管理,1203
农业资源与环境,农业资源与环境,903
农业资源与环境（中加合作班）,农业资源与环境,903
农业资源与环境（本硕博班）,农业资源与环境,903
农村区域发展,应用经济学,202
农村区域发展（国家专项计划）,应用经济学,202
农林经济管理,农林经济管理,1203
农林经济管理 ,农林经济管理,1203
农林经济管理（文史）,农林经济管理,1203
农林经济管理（本硕博班）,农林经济管理,1203
农林经济管理（理工）,农林经济管理,1203
农林经济管理（梁希实验班）,农林经济管理,1203
农学,作物学;园艺学;农业资源与环境;植物保护;畜牧学;兽医学;林学;水产,901;902;903;904;905;906;907;908
农学（本硕博班）,植物保护,904
设计学类,艺术学,504
设计学类 ,艺术学,504
设计学类(工业设计),艺术学,504
设计学类（工业设计）,艺术学,504
设计学类（工业设计）（国家专项）,艺术学,504
设计学类（加权成绩）,艺术学,504
设计学类(加权成绩),艺术学,504
设计学类（产品设计、数字媒体艺术）（美术类统考成绩）,艺术学,504
设施农业科学与工程,农业工程,828
戏剧影视文学,艺术学,504
戏剧影视导演,艺术学,504
运动人体科学,体育学,403
运动人体科学      ,体育学,403
运动康复,临床医学,1002
运动康复     ,临床医学,1002
投资学,理论经济学;应用经济学,201;202
护理(三校高职),临床医学,1002
护理学,临床医学,1002
护理学 ,临床医学,1002
护理学（文史）,临床医学,1002
护理学(南单理）,临床医学,1002
护理学（理工）,临床医学,1002
劳动与社会保障,公共管理,1204
劳动与社会保障（双语类）,公共管理,1204
劳动与社会保障（单列）,公共管理,1204
劳动与社会保障（单列类）,公共管理,1204
劳动与社会保障（普通类）,公共管理,1204
克罗地亚语,外国语言文学,502
材料化学,材料科学与工程,805
材料化学 ,材料科学与工程,805
材料化学（稀土材料）,材料科学与工程,805
材料成型及控制工程,材料科学与工程,805
材料成型及控制工程（中白联合培养）,材料科学与工程,805
材料成型及控制工程(双语类),材料科学与工程,805
材料成型及控制工程(汉),材料科学与工程,805
材料成型及控制工程（汉）,材料科学与工程,805
材料成型及控制工程（民）,材料科学与工程,805
材料成型及控制工程(民),材料科学与工程,805
材料成型及控制工程（材料卓越计划实验班）,材料科学与工程,805
材料成型及控制工程（单列）,材料科学与工程,805
材料成型及控制工程（普通类）,材料科学与工程,805
材料物理,材料科学与工程,805
材料学,材料科学与工程,805
材料科学与工程,材料科学与工程,805
材料科学与工程#E,材料科学与工程,805
材料科学与工程（少）,材料科学与工程,805
材料科学与工程（双语类）,材料科学与工程,805
材料科学与工程（汉）,材料科学与工程,805
材料科学与工程(材料类),材料科学与工程,805
材料科学与工程（国家专项）,材料科学与工程,805
材料科学与工程（单列）,材料科学与工程,805
材料科学与工程（按材料类招生）,材料科学与工程,805
材料科学与工程（高校专项）,材料科学与工程,805
材料科学与工程（普通类）,材料科学与工程,805
材料科学与工程(藏),材料科学与工程,805
材料科学与技术类,林业工程,829
材料类,材料科学与工程,805
材料类 ,材料科学与工程,805
材料类（中外合作办学）,材料科学与工程,805
材料类（中外合作办学）（材料科学与工程）,材料科学与工程,805
材料类（中外合作办学）（材料科学与工程专业）,材料科学与工程,805
材料类(先进材料及绿色制造),材料科学与工程,805
材料类（材料科学与工程）,材料科学与工程,805
材料类(材料科学与工程、高分子材料与工程、材料物理、新能源材料与,材料科学与工程,805
材料类（材料科学与工程、高分子材料与工程、材料物理、新能源材料与器件）,材料科学与工程,805
材料类(材料科学与工程、高分子材料与工程、材料物理、新能源材料与器件),材料科学与工程,805
材料类（材料科学与技术）,材料科学与工程,805
材料类(材料科学与技术),材料科学与工程,805
材料类(含无机非金属材料工程、高分子材料与工程、复合材料与工程、新能源材料与器件专业),材料科学与工程,805
材料类(茅以升学院),材料科学与工程,805
材料类（国家专项）,材料科学与工程,805
材料类（特种功能先进材料及全周期绿色设计与制造）,材料科学与工程,805
材料理科,材料科学与工程,805
医学技术类,基础医学;临床医学;口腔医学;公共卫生与预防医学;中医学;中西医结合;药学,1001;1002;1003;1004;1005;1006;1007
医学实验技术（医学科学实验班）,基础医学;临床医学;口腔医学;公共卫生与预防医学;中医学;中西医结合;药学,1001;1002;1003;1004;1005;1006;1007
医学信息工程,基础医学;临床医学;口腔医学;公共卫生与预防医学;中医学;中西医结合;药学,1001;1002;1003;1004;1005;1006;1007
医学院,基础医学;临床医学;口腔医学;公共卫生与预防医学;中医学;中西医结合;药学,1001;1002;1003;1004;1005;1006;1007
医学检验技术,基础医学;临床医学;口腔医学;公共卫生与预防医学;中医学;中西医结合;药学,1001;1002;1003;1004;1005;1006;1007
医学检验技术 ,基础医学;临床医学;口腔医学;公共卫生与预防医学;中医学;中西医结合;药学,1001;1002;1003;1004;1005;1006;1007
医学影像学,临床医学,1002
医学影像学(五年),临床医学,1002
医学影像学（五年制）,临床医学,1002
医学影像学（国家贫困专项）,临床医学,1002
园艺,园艺学,902
园艺（中加合作班）,园艺学,902
园艺（本硕博班）,园艺学,902
园艺(观赏园艺),林学,907
园艺（观赏园艺方向）,林学,907
园艺（国家专项计划）,园艺学,902
园林,林学,907
园林（国家专项计划）,林学,907
邮政工程,土木工程,814
邮政工程(互联网与智慧物流),土木工程,814
邮政管理,"工商管理;农林经济管理;公共管理;图书馆,情报与档案管理",1202;1203;1204
邮政管理(互联网与智慧物流),"工商管理;农林经济管理;公共管理;图书馆,情报与档案管理",1202;1203;1204
财务管理,"工商管理;农林经济管理;公共管理;图书馆,情报与档案管理",1202;1203;1204
财务管理（双语实验班）,工商管理,1202
财务管理科,工商管理,1202
财政学,应用经济学,202
财政学（民）,应用经济学,202
财政学（单列类）,应用经济学,202
财政学类,应用经济学,202
财政学类（国家专项）,应用经济学,202
兵器类,兵器科学与技术,826
兵器类（国家专项）,兵器科学与技术,826
体育学类,体育学,403
体育经济与管理,体育学,403
体育经济与管理     ,体育学,403
体育教育,体育学,403
体育教育(师范),体育学,403
作曲与作曲技术理论,艺术学,504
应用气象学,大气科学,706
应用化学,化学工程与技术,817
应用化学 ,化学工程与技术,817
应用化学(含化学、应用化学、材料化学),化学工程与技术,817
应用化学（含化学、应用化学、材料化学专业）,化学工程与技术,817
应用化学（张大煜化学菁英班）,化学工程与技术,817
应用化学（张大煜化学菁英班）（理学）,化学工程与技术,817
应用化学（理学）,化学工程与技术,817
应用化学-优培计划,化学工程与技术,817
应用心理学,心理学,402
应用心理学      ,心理学,402
应用心理学（文史）,心理学,402
应用心理学（汉）,心理学,402
应用心理学（理工）,心理学,402
应用物理学,物理学,702
应用物理学 ,物理学,702
应用物理学（王大珩物理科学班）,化学,703
应用物理学（能源科学方向）,化学,703
应用语言学,中国语言文学,501
应用统计学,应用经济学,202
应用统计学（中外合作办学）,应用经济学,202
应用统计学（中外合作办学）  （风险和精算）,应用经济学,202
应用统计学（风险和精算）,应用经济学,202
应用理科(拔尖人才试点班),数学,701
应用数学与统计类,数学,701
冶金工程,冶金工程,806
汽车服务工程,机械工程,802
社会工作,社会学,303
社会工作(专项文）,社会学,303
社会工作（南疆计划）,社会学,303
社会工作（蒙授）,社会学,303
社会体育指导与管理,体育学,403
社会学,社会学,303
社会学 ,社会学,303
社会学（双语类）,社会学,303
社会学（社会管理）,社会学,303
社会学（单列类）,社会学,303
社会学（定向）,社会学,303
社会学(定向),社会学,303
社会学（普通类）,社会学,303
社会学类,社会学,303
社会学类（人文社科类）,体育学,403
社会学类（中外合作办学）,社会学,303
社会学类（中外合作办学）社会工作,社会学,303
社会学类（代表人文社科类）,体育学,403
社会学类(含社会学、社会工作),社会学,303
社会学类（国家专项）,社会学,303
社会科学试验班,社会学,303
社会科学试验班（国家专项）,社会学,303
社会科学试验班（经济类）,社会学,303
社会科学试验班(信息管理类),社会学,303
社会科学试验班（管理学科类）,社会学,303
社会科学试验班（管理学科类，国家专项）,社会学,303
社会科学试验班（管理类）,社会学,303
社会科学试验班（精品文科班）,社会学,303
社会科学试验班(精品文科班),社会学,303
阿拉伯语,外国语言文学,502
阿拉伯语（文史）,外国语言文学,502
阿拉伯语（理工）,外国语言文学,502
纺织工程,纺织科学与工程,821
纺织工程（双语类）,纺织科学与工程,821
纺织工程（定向）（单列）,纺织科学与工程,821
纺织工程（普通类）,纺织科学与工程,821
纺织类,纺织科学与工程,821
纺织类（国家专项计划）,纺织科学与工程,821
环境工程,环境科学与工程,830
环境工程 ,环境科学与工程,830
环境工程#E,环境科学与工程,830
环境工程(专项理）,环境科学与工程,830
环境工程(环境科学与工程类),环境科学与工程,830
环境工程（国家贫困专项）,环境科学与工程,830
环境工程（按环境科学与工程类招生）,环境科学与工程,830
环境工程(按环境科学与工程类培养),环境科学与工程,830
环境工程（按环境科学与工程类培养）,环境科学与工程,830
环境工程（闽台合作项目）,环境科学与工程,830
环境工程(菁英班),环境科学与工程,830
环境生态工程,环境科学与工程,830
环境设计,环境科学与工程,830
环境科学,环境科学与工程,830
环境科学（双语类）,环境科学与工程,830
环境科学（含环境科学专业、环境工程专业、环境生态学）,环境科学与工程,830
环境科学（单列）,环境科学与工程,830
环境科学（单列类）,环境科学与工程,830
环境科学（普通类）,环境科学与工程,830
环境科学与 ?工程类,环境科学与工程,830
环境科学与工程,环境科学与工程,830
环境科学与工程类,环境科学与工程,830
环境科学与工程类 ,环境科学与工程,830
环境科学与工程类(地球科学与环境类),环境科学与工程,830
环境科学与工程类(含环境工程、安全工程专业),环境科学与工程,830
环境科学与工程类(含环境科学、环境工程),环境科学与工程,830
环境科学与工程类（含环境科学专业、环境工程专业、环境生态工程）,环境科学与工程,830
环境科学与工程类（环境工程、环境生态工程）,环境科学与工程,830
环境科学与工程类(环境工程、环境科学),环境科学与工程,830
环境科学与工程类(环境地球科学类),环境科学与工程,830
环境科学与工程类（环境科学、环境工程、环境生态工程）,环境科学与工程,830
环境科学与工程类（国家专项计划）,环境科学与工程,830
表演,艺术学,504
英语,外国语言文学,502
英语 ,外国语言文学,502
英语（121项目）,外国语言文学,502
英语(专项文）,外国语言文学,502
英语(专项理）,外国语言文学,502
英语(中加),外国语言文学,502
英语(中美合作1+2+1),外国语言文学,502
英语（公费师范）,外国语言文学,502
英语（文）,外国语言文学,502
英语（文史）,外国语言文学,502
英语（文科）,外国语言文学,502
英语(双外语),外国语言文学,502
英语（外语要求不低于115分）,外国语言文学,502
英语(汉),外国语言文学,502
英语（汉）,外国语言文学,502
英语（民）,外国语言文学,502
英语(民),外国语言文学,502
英语（民航业务、国际贸易）,外国语言文学,502
英语(师范),外国语言文学,502
英语（师范）,外国语言文学,502
英语（师范类）,外国语言文学,502
英语（含翻译专业）,外国语言文学,502
英语（免费师范）,外国语言文学,502
英语（招英语考生）（按外国语言文学类培养）,外国语言文学,502
英语(英日),外国语言文学,502
英语（英日）,外国语言文学,502
英语(英语类),外国语言文学,502
英语（国际贸易）,外国语言文学,502
英语（国家专项）,外国语言文学,502
英语（国家专项计划）,外国语言文学,502
英语（国家贫困专项）,外国语言文学,502
英语（单列）,外国语言文学,502
英语（单列类）,外国语言文学,502
英语（宝山校区）,外国语言文学,502
英语(按外国语言文学类培养),外国语言文学,502
英语（按外国语言文学类培养）,外国语言文学,502
英语(南单文）,外国语言文学,502
英语(南单理）,外国语言文学,502
英语（高校专项）,外国语言文学,502
英语（涉外法商）,外国语言文学,502
英语（预科）,外国语言文学,502
英语（理）,外国语言文学,502
英语（理工）,外国语言文学,502
英语（教育）,外国语言文学,502
英语(商务),外国语言文学,502
英语（商务）,外国语言文学,502
英语(商务英语),外国语言文学,502
英语（商务英语),外国语言文学,502
英语（商务英语）,外国语言文学,502
英语（普通类）,外国语言文学,502
英语（零起点）,外国语言文学,502
英语(零起点),外国语言文学,502
英语（翻译方向）,外国语言文学,502
英语【英语、翻译】,外国语言文学,502
英语类,外国语言文学,502
林业工程类,林业工程,829
林业工程类(成栋班),林业工程,829
林产化工,林业工程,829
林学,林学,907
林学类,林学,907
林学类(成栋实验班),林学,907
林学类（含林学、森林保护专业）,林学,907
矿业类,矿业工程,819
矿物加工工程,矿业工程,819
矿物加工工程 ,矿业工程,819
矿物加工工程（地矿）,矿业工程,819
矿物加工工程（地矿专业）,矿业工程,819
矿物加工工程(地矿专业),矿业工程,819
矿物加工工程（宝玉石学）,矿业工程,819
矿物加工工程(提前批),矿业工程,819
矿物加工工程（提前批）,矿业工程,819
矿物加工工程??,矿业工程,819
矿物资源工程,矿业工程,819
轮机工程（陆上专业）,船舶与海洋工程,824
软件工程,计算机科学与技术,812
软件工程（中外合作办学 中爱）,计算机科学与技术,812
软件工程（中外合作办学）,计算机科学与技术,812
软件工程(中外合作办学),计算机科学与技术,812
软件工程（双语类）,计算机科学与技术,812
软件工程（含网络工程专业）,计算机科学与技术,812
软件工程（含软件工程、数字媒体技术）,计算机科学与技术,812
软件工程(软件工程类),计算机科学与技术,812
软件工程（单列）,计算机科学与技术,812
软件工程（单列类）,计算机科学与技术,812
软件工程(定向),计算机科学与技术,812
软件工程（移动互联网方向）,计算机科学与技术,812
软件工程（厦门大学马来西亚分校）,计算机科学与技术,812
软件工程（嵌入式培养）,计算机科学与技术,812
软件工程(嵌入式培养),计算机科学与技术,812
软件工程（普通类）,计算机科学与技术,812
软件工程【软件工程、网络工程】,计算机科学与技术,812
软件工程专业（中外合作办学）,计算机科学与技术,812
非织造材料与工程,纺织科学与工程,821
国民经济管理,应用经济学,202
国民经济管理（中外合作办学）,应用经济学,202
国际事务与国际关系,政治学,302
国际经济与贸易,应用经济学,202
国际经济与贸易（五年）,应用经济学,202
国际经济与贸易（日语）,应用经济学,202
国际经济与贸易（中外合作办学）,应用经济学,202
国际经济与贸易（文）,应用经济学,202
国际经济与贸易（文史）,应用经济学,202
国际经济与贸易（文科）,应用经济学,202
国际经济与贸易（双语实验班）,应用经济学,202
国际经济与贸易(民),应用经济学,202
国际经济与贸易（国际金融与投资）,应用经济学,202
国际经济与贸易（单列类）,应用经济学,202
国际经济与贸易（理）,应用经济学,202
国际经济与贸易（理工）,应用经济学,202
国际经济与贸易（瀚德实验1班）德语,应用经济学,202
国际经济与贸易（瀚德实验1班德语，仅招有专业志愿考生）,应用经济学,202
国际经济与贸易(瀚德实验1班德语，仅招有专业志愿考生),应用经济学,202
国际经济与贸易（瀚德实验1班德语，招有专业志愿考生）,应用经济学,202
国际经济与贸易（瀚德实验2班）葡萄牙语,应用经济学,202
国际经济与贸易（瀚德实验2班葡萄牙语，仅招有专业志愿考生）,应用经济学,202
国际经济与贸易（瀚德实验班1班）德语,应用经济学,202
国际经济与贸易（瀚德实验班2班葡萄牙语，仅招有专业志愿考生）,应用经济学,202
国际政治,政治学,302
国际政治（双语类）,政治学,302
国际政治（民考汉）,政治学,302
国际政治（国家专项）,政治学,302
国际政治（单列）,政治学,302
国际政治（单列类）,政治学,302
国际政治（普通类）,政治学,302
国际商务,政治学,302
国际商务（中外合作办学）,应用经济学,202
国际商务（双语实验班）,应用经济学,202
国际商务（外语二学位）,应用经济学,202
国际商务（全英文科教学）,应用经济学,202
国际商务(全英文科教学),应用经济学,202
国际商务（厦门大学马来西亚分校）,应用经济学,202
国际商务（德语与德语国家研究）,应用经济学,202
国家专项|机械类,机械工程,802
国家专项|光电信息科学与工程,测绘科学与技术,816
国家专项|自动化,农业工程,828
国家专项|英语,外国语言文学,502
国家专项|数学类,数学,701
国家专项|管理科学与工程类,材料科学与工程,805
制药工程,药学,1007
制药工程 ,药学,1007
制药工程（少）,药学,1007
制药工程(民族班),药学,1007
知识产权,法学,301
知识产权 ,法学,301
知识产权（卓越人才实验班）,法学,301
物化生组,化学工程与技术,817
物流工程,公共管理,1204
物流管理,公共管理,1204
物流管理（文史）,公共管理,1204
物流管理（双语类）,公共管理,1204
物流管理（民）,公共管理,1204
物流管理（物流系统工程）,公共管理,1204
物流管理（单列类）,公共管理,1204
物流管理（定向）,公共管理,1204
物流管理(定向),公共管理,1204
物流管理（闽台合作）,公共管理,1204
物流管理(闽台合作),公共管理,1204
物流管理（理工）,公共管理,1204
物流管理（普通类）,公共管理,1204
物流管理（管理学创新实验班）,公共管理,1204
物流管理与工程类,公共管理,1204
物流管理科,公共管理,1204
物理学,物理学,702
物理学（公费师范）,物理学,702
物理学（双语类）,物理学,702
物理学（协同创新实验班）,物理学,702
物理学（师范）,物理学,702
物理学(师范),物理学,702
物理学（严济慈物理学英才班）,物理学,702
物理学（免费师范）,物理学,702
物理学（单列类）,物理学,702
物理学（预科）,物理学,702
物理学(基地班),物理学,702
物理学（基地班）,物理学,702
物理学（基础学科拔尖人才培养实验班）,物理学,702
物理学（普通类）,物理学,702
物理学类,物理学,702
物理学类 ,物理学,702
物理学类(含应用物理学、光电信息科学与工程专业),物理学,702
物理学类（应用物理学、物理学、电子信息科学与技术）,物理学,702
物理学类（物理学、应用物理学）,物理学,702
物理学类(物理学、应用物理学),物理学,702
物理学类(物理学、应用物理学) ,物理学,702
物理学类（按光电技术与物理类培养）,物理学,702
物理菁英班,物理学,702
物理菁英班（国家专项）,物理学,702
物联网工程,信息与通讯工程,810
物联网工程（中外合作办学）,信息与通讯工程,810
物联网工程(汉),信息与通讯工程,810
物联网工程（汉）,信息与通讯工程,810
物联网工程（民）,信息与通讯工程,810
物联网工程(民),信息与通讯工程,810
物联网工程（单列四年）,信息与通讯工程,810
物联网工程（单列类）,信息与通讯工程,810
物联网工程（普通类）,信息与通讯工程,810
侦查学（刑事侦查）,军队指挥学,1105
侦查学（经济侦查）,军队指挥学,1105
质量管理工程,"工商管理;农林经济管理;公共管理;图书馆,情报与档案管理",1202;1203;1204
金属材料工程,材料科学与工程,805
金属材料工程（日语强化）,材料科学与工程,805
金融工程,冶金工程,806
金融学,应用经济学,202
金融学  (  国际金融  ),应用经济学,202
金融学  (  金融经济  ),应用经济学,202
金融学  (  金融科技  ),应用经济学,202
金融学（121项目）,应用经济学,202
金融学(专项理）,应用经济学,202
金融学（五年）,应用经济学,202
金融学（中外合作办学）,应用经济学,202
金融学（中外合作办学类）,应用经济学,202
金融学(中美校际交流),应用经济学,202
金融学（双语实验班）,应用经济学,202
金融学（双语类）,应用经济学,202
金融学（双培计划）,应用经济学,202
金融学(含国际化班),应用经济学,202
金融学（证券与期货方向）,应用经济学,202
金融学（国际组织与全球治理）,应用经济学,202
金融学（国家贫困专项）,应用经济学,202
金融学（金融工程）,应用经济学,202
金融学（金融科技）,应用经济学,202
金融学（单列）,应用经济学,202
金融学（单列类）,应用经济学,202
金融学(定向),应用经济学,202
金融学（俄语与俄语国家研究）,应用经济学,202
金融学（厦门大学与爱尔兰都柏林商学院合作举办）,应用经济学,202
金融学（厦门大学马来西亚分校）,应用经济学,202
金融学（普通类）,应用经济学,202
金融学（数量金融）,应用经济学,202
金融学类,应用经济学,202
金融学类（中外合作办学,应用经济学,202
金融学类（中外合作办学）,应用经济学,202
金融学类(中外合作办学)(金融学)(亚澳),应用经济学,202
金融学类(中外合作办学)（金融学）（亚澳商学院）,应用经济学,202
金融学类（中外合作办学））,应用经济学,202
金融学类（文）,应用经济学,202
金融学类(弘毅学堂数理经济与数理金融试验班),应用经济学,202
金融学类（含:金融学）,应用经济学,202
金融学类（国家专项）,应用经济学,202
金融学类（金融学）,应用经济学,202
金融学类(金融学、保险学),应用经济学,202
金融学类（金融学、保险学）,应用经济学,202
金融学类(金融学、保险学) ,应用经济学,202
金融学类（经济学）,应用经济学,202
金融学类（高校专项）,应用经济学,202
金融学类（理）,应用经济学,202
金融学类（厦门大学与爱尔兰都柏林商学院合作举办）,应用经济学,202
金融学类(数理经济与数理金融试验班),应用经济学,202
金融类,应用经济学,202
金融数学,应用经济学,202
金融数学(中美校际交流),应用经济学,202
采矿工程,矿业工程,819
采矿工程（双语类）,矿业工程,819
采矿工程（地矿）,矿业工程,819
采矿工程(地矿专业),矿业工程,819
采矿工程（地矿专业）,矿业工程,819
采矿工程（单列）,矿业工程,819
采矿工程(提前批),矿业工程,819
采矿工程（提前批）,矿业工程,819
采矿工程（普通类）,矿业工程,819
服装与服饰设计,纺织科学与工程,821
服装与服饰设计（双语类）,纺织科学与工程,821
服装与服饰设计（单列）,纺织科学与工程,821
服装与服饰设计（普通类）,纺织科学与工程,821
服装设计与工程,纺织科学与工程,821
服装设计与工程（双语类）,纺织科学与工程,821
服装设计与工程（普通类）,纺织科学与工程,821
服装设计与工程（普通类/工）,纺织科学与工程,821
法医学,基础医学,1001
法医学（五年制）,基础医学,1001
法学,法学,301
法学 ,法学,301
法学(专项文）,法学,301
法学（文）,法学,301
法学（文科）,法学,301
法学（双语类）,法学,301
法学（本硕贯通卓越法律人才实验班）,法学,301
法学（汉）,法学,301
法学（民考汉）,法学,301
法学（民商法律）,法学,301
法学（刑事法律）,法学,301
法学（沪港合作涉外卓越法律人才实验班）,法学,301
法学（沪港交流涉外卓越法律人才实验班）,法学,301
法学（卓越实验班）,法学,301
法学（国际经济法）,法学,301
法学（国家专项）,法学,301
法学（国家贫困专项）,法学,301
法学(知识产权),法学,301
法学（单列）,法学,301
法学（单列类）,法学,301
法学（法学与会计学双学位班）,法学,301
法学（经济法）,法学,301
法学(经济法）,法学,301
法学(南单文）,法学,301
法学（南疆计划）,法学,301
法学（高校专项）,法学,301
法学（涉外卓越国际金融法律人才实验班）,法学,301
法学（涉外卓越商事法律人才实验班）,法学,301
法学(涉外法律方向),法学,301
法学（理）,法学,301
法学（普通类）,法学,301
法学（蒙授）,法学,301
法学（藏）,法学,301
法学（瀚德实验1班）西班牙语,法学,301
法学（瀚德实验1班西班牙语，仅招有专业志愿考生）,法学,301
法学（瀚德实验1班西班牙语仅，招有专业志愿考生）,法学,301
法学（瀚德实验2班）法语,法学,301
法学（瀚德实验2班法语，仅招有专业志愿考生）,法学,301
法学（瀚德实验班1班）西班牙语,法学,301
法学（瀚德实验班2班法语，仅招有专业志愿考生）,法学,301
法学类,法学,301
法学类（卓越人才实验班）,法学,301
法学类（卓越法律人才实验班）,法学,301
法学类(卓越法律人才实验班）,法学,301
法学类（法学）,法学,301
法学类(法学、社会学),法学,301
法学类（法学、知识产权）,法学,301
法学类(法学、知识产权),法学,301
法律（民商法律）,法学,301
法语,外国语言文学,502
法语（中外合作办学）,外国语言文学,502
法语（国际关系）,外国语言文学,502
油气储运工程,石油与天然气工程,820
油气储运工程(面向泉州),石油与天然气工程,820
油气储运工程（面向泉州）,石油与天然气工程,820
波兰语,外国语言文学,502
波斯语,外国语言文学,502
治安学,"工商管理;农林经济管理;公共管理;图书馆,情报与档案管理",1202;1203;1204
学前教育,教育学,401
学前教育（仅招有专业志愿考生）,教育学,401
学前教育（仅招有专业志愿报考考生）,教育学,401
学前教育（公费师范生，仅招有专业志愿考生）,教育学,401
学前教育(师范),教育学,401
学前教育（师范）,教育学,401
学前教育（师范类),教育学,401
学前教育（师范类）,教育学,401
学前教育（免费师范）,教育学,401
学前教育（预科）,教育学,401
学前教育类,教育学,401
宝石及材料工艺学,材料科学与工程,805
审计学,应用经济学,202
空间电子信息类,地球物理学,708
空间科学与技术,航空宇航科学与技术,825
空间信息与数字技术,地质资源与地质工程,818
房地产开发与管理,公共管理,1204
视觉传达设计,艺术学,504
视觉传达设计(双语类),艺术学,504
视觉传达设计（单列）,艺术学,504
视觉传达设计（普通类）,艺术学,504
建筑电气与智能化,农业工程,828
建筑电气与智能化(汉),农业工程,828
建筑电气与智能化(民),农业工程,828
建筑电气与智能化（民）,农业工程,828
建筑电气与智能化（单列四年）,农业工程,828
建筑电气与智能化（定向）,农业工程,828
建筑电气与智能化(定向),农业工程,828
建筑电气与智能化（普通类）,农业工程,828
建筑环境与能源应用工程,农业工程,828
建筑环境与能源应用工程（双语类）,农业工程,828
建筑环境与能源应用工程（单列）,农业工程,828
建筑环境与能源应用工程（普通类）,农业工程,828
建筑学,建筑学,813
建筑学(五年),建筑学,813
建筑学（双语类）,建筑学,813
建筑学（单列类）,建筑学,813
建筑学（普通类）,建筑学,813
建筑类,建筑学,813
建筑类（五年制）,建筑学,813
经济,理论经济学;应用经济学,201;202
经济与金融,理论经济学;应用经济学,201;202
经济与贸易类,理论经济学;应用经济学,201;202
经济与贸易类（中外合作办学）,理论经济学;应用经济学,201;202
经济与贸易类（中外合作办学））,理论经济学;应用经济学,201;202
经济与贸易类（汉）,理论经济学;应用经济学,201;202
经济与贸易类（含国际经济与贸易）,理论经济学;应用经济学,201;202
经济与贸易类（国际经济与贸易）,应用经济学,202
经济与贸易类（国际经济与贸易、金融学）,应用经济学,202
经济与贸易类（藏）,理论经济学;应用经济学,201;202
经济学,理论经济学;应用经济学,201;202
经济学（中外合作办学）,理论经济学;应用经济学,201;202
经济学(中外合作办学),理论经济学;应用经济学,201;202
经济学（文）,理论经济学;应用经济学,201;202
经济学（双语类）,理论经济学;应用经济学,201;202
经济学（创新实验班）,理论经济学;应用经济学,201;202
经济学（国家经济学基础人才培养基地班）,应用经济学,202
经济学（单列）,理论经济学;应用经济学,201;202
经济学（单列类）,理论经济学;应用经济学,201;202
经济学(实验班),理论经济学;应用经济学,201;202
经济学（实验班）,理论经济学;应用经济学,201;202
经济学(实验班）,理论经济学;应用经济学,201;202
经济学（理）,理论经济学,201
经济学(基地班),理论经济学;应用经济学,201;202
经济学（普通类）,理论经济学;应用经济学,201;202
经济学(数理经济实验班),理论经济学;应用经济学,201;202
经济学专业（中外合作办学）,理论经济学;应用经济学,201;202
经济学类,理论经济学;应用经济学,201;202
经济学类 ,理论经济学;应用经济学,201;202
经济学类  (  财经类）,理论经济学;应用经济学,201;202
经济学类  (  经贸类  ),理论经济学;应用经济学,201;202
经济学类  （经贸类）,理论经济学;应用经济学,201;202
经济学类(中外合作办学),理论经济学;应用经济学,201;202
经济学类(中美121双学位班，全英文科教学),理论经济学;应用经济学,201;202
"经济学类(中美联合培养121国际班,全英文科教学)",理论经济学;应用经济学,201;202
经济学类（代表经济管理类）,理论经济学;应用经济学,201;202
经济学类（民考汉）,理论经济学;应用经济学,201;202
经济学类(全英文科教学，中美121双学位班),理论经济学;应用经济学,201;202
经济学类（财经类）,理论经济学;应用经济学,201;202
经济学类(含经济学、金融学专业),理论经济学;应用经济学,201;202
经济学类（国际经济与贸易、经济学）,应用经济学,202
"经济学类(国际经济与贸易全英文科教学,中美联合培养121国际班)",应用经济学,202
经济学类（国家专项）,理论经济学;应用经济学,201;202
经济学类（国家专项计划）,理论经济学;应用经济学,201;202
经济学类(金融学、国际经济与贸易、经济学、统计学),应用经济学,202
经济学类（金融学、国际经济与贸易、经济学、统计学）（按经济类培养,法学,301
"经济学类(金融学全英文科教学,中美联合培养121国际班)",理论经济学;应用经济学,201;202
经济学类（经贸类）,理论经济学;应用经济学,201;202
经济学类(经济学),理论经济学;应用经济学,201;202
经济学类（经济学、国际经济与贸易）,应用经济学,202
经济学类(经济学、经济统计学、国民经济管理),应用经济学,202
经济学类（经济学、经济统计学、国民经济管理）,应用经济学,202
经济学类（经济管理类）,理论经济学;应用经济学,201;202
经济学类（按经济类招生，含金融学、国际经济与贸易、经济学、统计学,理论经济学;应用经济学,201;202
经济学类(按经济类培养),理论经济学;应用经济学,201;202
经济学类（按经济类培养）,理论经济学;应用经济学,201;202
经济学类(按经济类培养)(金融学、国际经济与,理论经济学;应用经济学,201;202
经济学类(按经济类培养)(金融学、国际经济与贸易、经济学、统计学),应用经济学,202
经济学类（按经济类培养，金融学、国际经济与贸易、经济学、统计学）,理论经济学;应用经济学,201;202
经济学类（按经济类培养;金融学、国际经济与贸易、经济学、统计学）,理论经济学;应用经济学,201;202
经济学类理类）,理论经济学;应用经济学,201;202
经济学基地班,理论经济学;应用经济学,201;202
经济类,理论经济学;应用经济学,201;202
经济统计学,理论经济学;应用经济学,201;202
经济管理试验班,理论经济学;应用经济学,201;202
经济管理试验班(民族班),理论经济学;应用经济学,201;202
经济管理试验班（国家专项）,理论经济学;应用经济学,201;202
经济管理试验班(国家专项),理论经济学;应用经济学,201;202
经济管理类,理论经济学;应用经济学,201;202
经管实验班,理论经济学;应用经济学,201;202
经管类实验班,理论经济学;应用经济学,201;202
城乡规划,建筑学,813
城乡规划(五年),建筑学,813
城乡规划（五年制）,建筑学,813
城乡规划（双语类）,建筑学,813
城乡规划（汉）,建筑学,813
城乡规划（民）,建筑学,813
城乡规划(民),建筑学,813
城乡规划（单列）,建筑学,813
城乡规划（单列类）,建筑学,813
城乡规划（普通类）,建筑学,813
城市地下空间工程,土木工程,814
城市管理科,"工商管理;农林经济管理;公共管理;图书馆,情报与档案管理",1202;1203;1204
政治与行政学,政治学,302
政治与行政学(专项文）,法学,301
政治学、经济学与哲学（PPE实验班）,理论经济学,201
政治学与行政学,政治学,302
政治学与行政学（公共政策与国际组织）,政治学,302
政治学与行政学（双语类）,法学,301
政治学与行政学（国家贫困专项）,法学,301
政治学与行政学（单列）,法学,301
政治学与行政学（单列类）,法学,301
政治学与行政学（普通类）,法学,301
政治学类,政治学,302
政治学类 ,政治学,302
政治学类（国际政治、思想政治教育）,马克思主义理论,305
按光电技术与物理类招生,电气工程,808
按材料类招生,材料科学与工程,805
草业科学,畜牧学,905
草业科学 ,畜牧学,905
草业科学（草坪科学与管理方向）,畜牧学,905
草业科学(基地班),畜牧学,905
草业科学基地班,畜牧学,905
茶学,园艺学,902
茶学（茶学院）,园艺学,902
药物制剂,药学,1007
药学,药学,1007
药学 ,药学,1007
药学(专项理）,药学,1007
药学（专科）,植物保护,904
药学（生物药学基地班）,药学,1007
药学(全英文创新实验班),药学,1007
药学(全英文科教学),药学,1007
药学（创新实验班）,植物保护,904
药学（国家贫困专项）,植物保护,904
药学(南单理）,药学,1007
药学类,药学,1007
药学类(含药学、药物制剂专业),药学,1007
药学类（药学、药物制剂）,植物保护,904
标准化工程,"工商管理;农林经济管理;公共管理;图书馆,情报与档案管理",1202;1203;1204
轻工类,轻工技术与工程,822
轻工类(中外合作办学)(轻化工程),轻工技术与工程,822
轻工类(含印刷工程、包装工程),轻工技术与工程,822
轻化工程,轻工技术与工程,822
轻化工程(中外合作办学),轻工技术与工程,822
临床医学,临床医学,1002
临床医学 ,临床医学,1002
临床医学(5+3),临床医学,1002
临床医学(5+3一体化),临床医学,1002
临床医学（5+3一体化培养）,临床医学,1002
临床医学(5+3一体化培养),临床医学,1002
临床医学（八年）,临床医学,1002
临床医学(八年),临床医学,1002
临床医学(八年制),临床医学,1002
临床医学（八年制）,临床医学,1002
临床医学(口腔),口腔医学,1003
临床医学（口腔医学）,口腔医学,1003
临床医学(专项理）,临床医学,1002
临床医学（专科）,临床医学,1002
临床医学(五加三一体化),临床医学,1002
临床医学（五年）,临床医学,1002
临床医学(五年),临床医学,1002
临床医学（五年制）,临床医学,1002
临床医学（分院）,临床医学,1002
临床医学（六年、临床医学专业中德实验班）,临床医学,1002
临床医学（六年制中德实验班）,临床医学,1002
临床医学(本硕连读),临床医学,1002
临床医学（本硕博贯通培养）,临床医学,1002
临床医学(本博连读),临床医学,1002
临床医学(汉语),临床医学,1002
临床医学（民考汉）,临床医学,1002
临床医学(免费医学定向),临床医学,1002
临床医学（国家贫困专项）,临床医学,1002
临床医学（学制5年）,临床医学,1002
临床医学（定向）,临床医学,1002
临床医学（贯通培养）,临床医学,1002
临床医学（南疆单列专科）,临床医学,1002
临床医学(藏语),临床医学,1002
临床医学类,临床医学,1002
临床医学类 ,临床医学,1002
临床医学类（中外合作办学）,临床医学,1002
临床药学,临床医学,1002
临床药学 ,临床医学,1002
思想政治教育,马克思主义理论,305
思想政治教育 ,马克思主义理论,305
思想政治教育（公费师范）,马克思主义理论,305
思想政治教育（公费师范） ,马克思主义理论,305
思想政治教育（双语类）,马克思主义理论,305
思想政治教育(师范),马克思主义理论,305
思想政治教育（师范）,马克思主义理论,305
思想政治教育（免费师范）,马克思主义理论,305
思想政治教育（单列）,马克思主义理论,305
思想政治教育（单列类）,马克思主义理论,305
思想政治教育（预科）,马克思主义理论,305
思想政治教育（普通类）,马克思主义理论,305
思想政治教育（藏）,马克思主义理论,305
种子科学与工程,农业工程,828
科技与创意设计试验班,计算机科学与技术,812
科学教育,教育学,401
科学教育（师范）,教育学,401
科学教育（师范类）,教育学,401
科学教育学,教育学,401
复合材料与工程,材料科学与工程,805
保险学,应用经济学,202
保险学  (  保险与风险管理  ),应用经济学,202
保险学  (  保险精算  ),应用经济学,202
保险学（财务与会计双语实验班）,应用经济学,202
保险学（精算双语实验班）,应用经济学,202
俄语,外国语言文学,502
俄语 ,外国语言文学,502
俄语（文史）,外国语言文学,502
俄语（双语类）,外国语言文学,502
俄语（金融）,外国语言文学,502
俄语（单列）,外国语言文学,502
俄语（单列类）,外国语言文学,502
俄语（俄语翻译）,外国语言文学,502
俄语（理工）,外国语言文学,502
俄语（普通类）,外国语言文学,502
信用管理,"工商管理;农林经济管理;公共管理;图书馆,情报与档案管理",1202;1203;1204
信息工程,信息与通讯工程,810
信息工程（航天信息应用）,信息与通讯工程,810
信息与计算科学,计算机科学与技术,812
信息与计算科学（双语类）,计算机科学与技术,812
信息与计算科学（单列）,计算机科学与技术,812
信息与计算科学（单列类）,计算机科学与技术,812
信息与计算科学（普通类）,计算机科学与技术,812
信息与通信工程类,信息与通讯工程,810
信息对抗技术,地质资源与地质工程,818
信息安全,信息与通讯工程,810
信息安全(中外合作办学),信息与通讯工程,810
信息安全（双语类）,信息与通讯工程,810
信息安全（民）,信息与通讯工程,810
信息安全(民),信息与通讯工程,810
信息安全(网络空间安全类),信息与通讯工程,810
信息安全（单列）,信息与通讯工程,810
信息安全（单列四年）,信息与通讯工程,810
信息安全（单列类）,信息与通讯工程,810
信息安全（按网络空间安全类招生）,信息与通讯工程,810
信息安全(按网络空间安全类培养),信息与通讯工程,810
信息安全（普通类）,信息与通讯工程,810
信息科学技术,信息与通讯工程,810
信息科学技术(民族班),信息与通讯工程,810
信息科学技术(国家专项),信息与通讯工程,810
信息科学技术（国家专项）,信息与通讯工程,810
信息资源管理,"工商管理;农林经济管理;公共管理;图书馆,情报与档案管理",1202;1203;1204
信息资源管理（民考汉）,"工商管理;农林经济管理;公共管理;图书馆,情报与档案管理",1202;1203;1204
信息资源管理（国家专项）,"工商管理;农林经济管理;公共管理;图书馆,情报与档案管理",1202;1203;1204
信息管理与信息系统,信息与通讯工程,810
信息管理与信息系统 ,信息与通讯工程,810
信息管理与信息系统（大数据与商务分析）,信息与通讯工程,810
信息管理与信息系统（大数据与商务分析方向）,信息与通讯工程,810
信息管理与信息系统(计算机信息网络),信息与通讯工程,810
信息管理与信息系统（医学信息）,信息与通讯工程,810
信息管理与信息系统（国家专项计划）,信息与通讯工程,810
信息管理与信息系统(定向),信息与通讯工程,810
信息管理与信息系统（定向）,信息与通讯工程,810
信息管理与信息系统（商务智能方向）,信息与通讯工程,810
信息管理与信息系统（管理信息方向）,信息与通讯工程,810
信息管理与信息系统类,信息与通讯工程,810
信息管理学与信息系统,信息与通讯工程,810
信息管理科与信息系统,信息与通讯工程,810
食品卫生与营养学,公共卫生与预防医学,1004
食品质量与安全,食品科学与工程,832
食品质量与安全(中外合作办学),食品科学与工程,832
食品质量与安全（国家专项计划）,食品科学与工程,832
食品质量与安全专业（中外合作办学）,食品科学与工程,832
食品科学与工程,食品科学与工程,832
食品科学与工程 ,食品科学与工程,832
食品科学与工程  (  食品加工工艺  ),食品科学与工程,832
食品科学与工程  (  高精尖项目  ),食品科学与工程,832
食品科学与工程  （中外合作办学）,食品科学与工程,832
食品科学与工程（中外合作办学）,食品科学与工程,832
食品科学与工程（双语类）,食品科学与工程,832
食品科学与工程（本硕博班）,食品科学与工程,832
食品科学与工程（外培计划）,食品科学与工程,832
食品科学与工程(汉),食品科学与工程,832
食品科学与工程（汉）,食品科学与工程,832
食品科学与工程（民）,食品科学与工程,832
食品科学与工程（国家专项计划）,食品科学与工程,832
食品科学与工程（单列）,食品科学与工程,832
食品科学与工程（单列类）,食品科学与工程,832
食品科学与工程（定向）（单列）,食品科学与工程,832
食品科学与工程（闽台合作项目）,食品科学与工程,832
食品科学与工程（普通类）,食品科学与工程,832
食品科学与工程（藏）,食品科学与工程,832
食品科学与工程类,食品科学与工程,832
食品科学与工程类  (  中外合作办学  ),食品科学与工程,832
食品科学与工程类(中外合作办学),食品科学与工程,832
食品科学与工程类(民族班),食品科学与工程,832
食品科学与工程类(含食品科学与工程、食品质量与安全专业),食品科学与工程,832
食品科学与工程类(食品质量与安全),食品科学与工程,832
食品科学与工程类（食品科学与工程、食品质量与安全）,食品科学与工程,832
食品科学与工程类(食品科学与工程、食品质量与安全),食品科学与工程,832
食品科学与工程类（预科）,食品科学与工程,832
贸易经济,理论经济学;应用经济学,201;202
音乐表演,艺术学,504
音乐表演 ,艺术学,504
音乐表演(121项目),艺术学,504
音乐表演(民乐),艺术学,504
音乐表演(声乐),艺术学,504
音乐表演（声乐),艺术学,504
音乐表演（声乐）,艺术学,504
音乐表演(键盘),艺术学,504
音乐表演(管弦),艺术学,504
音乐表演（器乐）,艺术学,504
音乐表演(器乐)二胡,艺术学,504
音乐表演（器乐）二胡,艺术学,504
音乐表演(器乐)大提琴,艺术学,504
音乐表演（器乐）中阮,艺术学,504
音乐表演(器乐)中阮,艺术学,504
音乐表演（器乐）打击乐,艺术学,504
音乐表演(器乐)打击乐,艺术学,504
音乐表演(器乐)古筝,艺术学,504
音乐表演（器乐）扬琴,艺术学,504
音乐表演(器乐)扬琴,艺术学,504
音乐表演(器乐)竹笛,艺术学,504
音乐表演(器乐)低音提琴,艺术学,504
音乐表演(器乐)钢琴,艺术学,504
音乐表演（器乐）钢琴,艺术学,504
音乐表演（器乐）唢呐,艺术学,504
音乐表演（器乐）笛子,艺术学,504
音乐表演(器乐)笙,艺术学,504
音乐表演（器乐）琵琶,艺术学,504
音乐表演(器乐)琵琶,艺术学,504
音乐学,艺术学,504
音乐学(少数民族音乐),民族学,304
音乐学(师范),艺术学,504
音乐学（师范）,艺术学,504
音乐学（师范）(声乐),艺术学,504
音乐学（师范）(器乐)（大提琴）,艺术学,504
美术学,艺术学,504
美术学（艺术管理与策划方向，加权成绩）,艺术学,504
美术学(加权成绩),艺术学,504
美术学类,艺术学,504
测绘工程,测绘科学与技术,816
测绘工程（双语类）,测绘科学与技术,816
测绘工程（单列）,测绘科学与技术,816
测绘工程（普通类）,测绘科学与技术,816
测绘类,测绘科学与技术,816
测绘类（汉）,测绘科学与技术,816
测绘类(茅以升学院),测绘科学与技术,816
测控技术与仪器,测绘科学与技术,816
测控技术与仪器 ,测绘科学与技术,816
语言学,中国语言文学,501
绘画,艺术学,504
绘画(加权成绩),艺术学,504
绘画（加权成绩）,艺术学,504
给排水科学与工程,水利工程,815
给排水科学与工程（双语类）,水利工程,815
给排水科学与工程（单列）,水利工程,815
给排水科学与工程（给排水卓越计划实验班）,水利工程,815
给排水科学与工程（高校专项）,水利工程,815
给排水科学与工程（普通类）,水利工程,815
统计学,应用经济学,202
统计学（双语类）,应用经济学,202
统计学（国家专项计划）,应用经济学,202
统计学（单列）,应用经济学,202
统计学（单列类）,应用经济学,202
统计学（普通类）,应用经济学,202
统计学类,应用经济学,202
统计学类  (  中外合作办学  )  （风险和精算）,应用经济学,202
统计学类  (  中外合作办学  )(  风险和精算  ),应用经济学,202
统计学类（国家专项）,应用经济学,202
统计学类（理学）,应用经济学,202
泰米尔语,外国语言文学,502
泰语,外国语言文学,502
蚕学,畜牧学,905
哲学,哲学,101
哲学 ,哲学,101
哲学（文史哲基地）,哲学,101
哲学类,哲学,101
荷兰语,外国语言文学,502
核工程与核技术,核科学与技术,827
核工程类,核科学与技术,827
核工程类 ,核科学与技术,827
核工程类（核工程与核技术、辐射防护与核安全）,核科学与技术,827
核科学与技术基地班(放射化学方向),核科学与技术,827
核科学与技术基地班(原子核物理),核科学与技术,827
核科学与技术基地班(原子核物理与核技术方向),核科学与技术,827
铁道工程,交通运输工程,823
铁道工程（汉）,交通运输工程,823
特殊教育,教育学,401
特殊教育（公费师范）,教育学,401
特殊教育（公费师范),教育学,401
特殊教育(心理),教育学,401
特殊教育(师范),教育学,401
特殊教育（免费师范）,教育学,401
特殊教育（预科）,教育学,401
徐特立英才班,徐特立英才班,1403
航空航天工程,航空宇航科学与技术,825
航空航天与武器类,航空宇航科学与技术,825
航空航天与武器类（国家专项）,航空宇航科学与技术,825
航空航天类,航空宇航科学与技术,825
航空航天类（国家专项）,航空宇航科学与技术,825
航空航天类（航空航天工程、工程力学）,航空宇航科学与技术,825
高分子材料与工程,材料科学与工程,805
高分子材料与工程  (  高精尖项目  ),材料科学与工程,805
高分子材料与工程(中外合作办学),材料科学与工程,805
高分子材料与工程（中外合作办学）,材料科学与工程,805
高分子材料与工程(中外合作办学专业),材料科学与工程,805
高分子材料与工程（双语类）,材料科学与工程,805
高分子材料与工程（先进材料）,材料科学与工程,805
高分子材料与工程（拔尖人才试点班）,材料科学与工程,805
高分子材料与工程（拔尖人才试点班),材料科学与工程,805
高分子材料与工程(拔尖人才试点班),材料科学与工程,805
高分子材料与工程（单列）,材料科学与工程,805
高分子材料与工程（定向）,材料科学与工程,805
高分子材料与工程(定向),材料科学与工程,805
高分子材料与工程（普通类）,材料科学与工程,805
资源环境科学（本研一体培养班）,环境科学与工程,830
资源勘查工程,地质资源与地质工程,818
资源勘查工程（双语类）,地质资源与地质工程,818
资源勘查工程（地矿）,地质资源与地质工程,818
资源勘查工程（地矿专业）,地质资源与地质工程,818
资源勘查工程(地矿专业),地质资源与地质工程,818
资源勘查工程(含基地班),地质资源与地质工程,818
资源勘查工程（固体矿产）,地质资源与地质工程,818
资源勘查工程（单列）,地质资源与地质工程,818
资源勘查工程（单列类）,地质资源与地质工程,818
资源勘查工程(定向),地质资源与地质工程,818
资源勘查工程（能源）,地质资源与地质工程,818
资源勘查工程(基地班),地质资源与地质工程,818
资源勘查工程（提前批）,地质资源与地质工程,818
资源勘查工程(提前批),地质资源与地质工程,818
资源勘查工程（普通类）,地质资源与地质工程,818
资源勘查工程（新能源地质与工程）,地质资源与地质工程,818
资源循环科学与工程,环境科学与工程,830
旅游管理,工商管理,1202
旅游管理（少数民族）,工商管理,1202
旅游管理(中外合作办学),工商管理,1202
旅游管理（中法联合培养）,工商管理,1202
旅游管理（文史）,工商管理,1202
旅游管理（双语类）,工商管理,1202
旅游管理（双语班文史）,工商管理,1202
旅游管理(双语班南单理）,工商管理,1202
旅游管理（双语班理工）,工商管理,1202
旅游管理（汉族）,工商管理,1202
旅游管理(民族班),工商管理,1202
旅游管理（单列）,工商管理,1202
旅游管理（单列类）,工商管理,1202
旅游管理（理工）,工商管理,1202
旅游管理（普通类）,工商管理,1202
旅游管理（蒙授）,工商管理,1202
旅游管理科,工商管理,1202
旅游管理科类,工商管理,1202
旅游管理类,工商管理,1202
粉体材料科学与工程,材料科学与工程,805
烟草,畜牧学,905
酒店管理,"工商管理;农林经济管理;公共管理;图书馆,情报与档案管理",1202;1203;1204
酒店管理（双语类）,"工商管理;农林经济管理;公共管理;图书馆,情报与档案管理",1202;1203;1204
酒店管理（单列）,"工商管理;农林经济管理;公共管理;图书馆,情报与档案管理",1202;1203;1204
酒店管理（单列类）,"工商管理;农林经济管理;公共管理;图书馆,情报与档案管理",1202;1203;1204
酒店管理（普通类）,"工商管理;农林经济管理;公共管理;图书馆,情报与档案管理",1202;1203;1204
酒店管理科,"工商管理;农林经济管理;公共管理;图书馆,情报与档案管理",1202;1203;1204
消防工程,土木工程,814
海事管理,"工商管理;农林经济管理;公共管理;图书馆,情报与档案管理",1202;1203;1204
海洋工程与技术,船舶与海洋工程,824
海洋工程类,船舶与海洋工程,824
海洋技术,海洋科学,707
海洋技术（厦门大学马来西亚分校）,海洋科学,707
海洋科学,海洋科学,707
海洋科学(菁英班),海洋科学,707
海洋科学（厦门大学马来西亚分校）,海洋科学,707
海洋科学类,海洋科学,707
海洋资源与环境,海洋科学,707
海洋资源开发技术,海洋科学,707
通信工程,信息与通讯工程,810
通信工程(+人工智能，大类招生),信息与通讯工程,810
通信工程（无线多媒体广播技术方向）,信息与通讯工程,810
通信工程(无线多媒体广播技术方向),信息与通讯工程,810
通信工程（中外合作办学）,信息与通讯工程,810
通信工程(双一流实验班，大类招生),信息与通讯工程,810
通信工程（双语类）,信息与通讯工程,810
通信工程(含通信工程、信息对抗技术),信息与通讯工程,810
通信工程（含通信工程、信息对抗技术）（按信息与通信工程类培养）,信息与通讯工程,810
通信工程（卓越工程师班）,信息与通讯工程,810
通信工程(国防生),信息与通讯工程,810
通信工程（单列）,信息与通讯工程,810
通信工程（单列类）,信息与通讯工程,810
通信工程（按信息与通信工程类招生，含通信工程、信息对抗技术）,信息与通讯工程,810
通信工程（按信息与通信工程类培养）,信息与通讯工程,810
通信工程(按信息与通信工程类培养),信息与通讯工程,810
通信工程(按信息与通信工程类培养)(含通信工程、信息对抗技术),信息与通讯工程,810
通信工程（按信息与通信工程类培养，含通信工程、信息对抗技术）,信息与通讯工程,810
通信工程（南疆单列）,信息与通讯工程,810
通信工程(信息与通信工程类),信息与通讯工程,810
通信工程（高校专项）,信息与通讯工程,810
通信工程(教改班),信息与通讯工程,810
通信工程（普通类）,信息与通讯工程,810
通信工程类,信息与通讯工程,810
通信与信息工程类,信息与通讯工程,810
能源与动力工程,动力工程及工程热物理,807
能源与动力工程（双语类）,动力工程及工程热物理,807
能源与动力工程（单列）,动力工程及工程热物理,807
能源与动力工程（单列类）,动力工程及工程热物理,807
能源与动力工程（能源卓越计划实验班）,动力工程及工程热物理,807
能源与动力工程（普通类）,动力工程及工程热物理,807
能源与环境系统工程,动力工程及工程热物理,807
能源化学工程,动力工程及工程热物理,807
能源动力与工程,动力工程及工程热物理,807
能源动力类,动力工程及工程热物理,807
能源动力类 ?（能动）,动力工程及工程热物理,807
能源动力类 ?（新能源）,动力工程及工程热物理,807
能源动力类（工学Ⅱ）,动力工程及工程热物理,807
能源动力类(含能源与动力工程、能源与环境系统工程),动力工程及工程热物理,807
能源动力类（能动）,动力工程及工程热物理,807
能源动力类(能源与动力工程、能源与环境系统工程),动力工程及工程热物理,807
能源动力类（新能源）,动力工程及工程热物理,807
能源动力类（新能源科学与工程、能源与动力工程、核工程与核技术）,动力工程及工程热物理,807
能源经济,理论经济学;应用经济学,201;202
预防医学,公共卫生与预防医学,1004
预防医学 ,公共卫生与预防医学,1004
预防医学(五年),公共卫生与预防医学,1004
预防医学（五年制）,公共卫生与预防医学,1004
预防医学（分院）,公共卫生与预防医学,1004
预防医学（学制五年）,公共卫生与预防医学,1004
预防医学(南单理）,公共卫生与预防医学,1004
理工实验班,文科实验班;理科实验班;工科实验班;all,1301;1302;1303;1304
理工类实验班,文科实验班;理科实验班;工科实验班;all,1301;1302;1303;1304
理论与应用力学 ,数学;物理学;化学;天文学;地理学;大气科学;海洋科学;地球物理学;地质学;生物学;系统科学,701;702;703;704;705;706;707;708;709;710;711
理论与应用力学(基地班),数学;物理学;化学;天文学;地理学;大气科学;海洋科学;地球物理学;地质学;生物学;系统科学,701;702;703;704;705;706;707;708;709;710;711
理论与应用力学基地班,数学;物理学;化学;天文学;地理学;大气科学;海洋科学;地球物理学;地质学;生物学;系统科学,701;702;703;704;705;706;707;708;709;710;711
理学工学类,数学;物理学;化学;天文学;地理学;大气科学;海洋科学;地球物理学;地质学;生物学;系统科学,701;702;703;704;705;706;707;708;709;710;711
理学与材料菁英班,材料科学与工程,805
理学与材料菁英班(民族班),材料科学与工程,805
理学与材料菁英班（国家专项）,材料科学与工程,805
理学与材料菁英班(国家专项),材料科学与工程,805
理科,数学;物理学;化学;天文学;地理学;大气科学;海洋科学;地球物理学;地质学;生物学;系统科学,701;702;703;704;705;706;707;708;709;710;711
理科工程与工艺,数学;物理学;化学;天文学;地理学;大气科学;海洋科学;地球物理学;地质学;生物学;系统科学,701;702;703;704;705;706;707;708;709;710;711
理科试验班,理科实验班,1302
理科试验班（化学优培计划）,化学,703
理科试验班（化学类）,化学,703
理科试验班（可选专业：数学、物理、化学、生物）,化学,703
理科试验班（可选专业：数学、物理学、化学、生物学）,化学,703
理科试验班(弘毅学堂),理科实验班,1302
理科试验班（环境理工、环境经管）,环境科学与工程,830
理科试验班（环境理工、环境经管，民考汉）,环境科学与工程,830
理科试验班（环境理工、环境经管，国家专项）,环境科学与工程,830
理科试验班（国家专项）,理科实验班,1302
理科试验班（物理、化学与心理学）,化学,703
理科试验班（物理、化学与心理学，国家专项）,化学,703
理科试验班（物理类）,化学,703
理科试验班(信息与通信基础科学),信息与通讯工程,810
理科试验班（信息与数学）,信息与通讯工程,810
理科试验班（信息与数学，国家专项）,信息与通讯工程,810
理科试验班（钱伟长学院（国家试点学院））,理科实验班,1302
理科试验班(资源与环境类),农业资源与环境,903
理科试验班（海洋类）,海洋科学,707
理科试验班(数学与信息科学),信息与通讯工程,810
理科试验班（数学类）,数学,701
理科试验班(数理科学类),理科实验班,1302
理科试验班类,理科实验班,1302
理科试验班类（中法工程师学院）,理科实验班,1302
理科试验班类(中法工程师学院),理科实验班,1302
理科试验班类(化学与生命科学类),化学,703
理科试验班类(弘毅学堂),理科实验班,1302
理科试验班类(匡亚明学院大理科班),理科实验班,1302
理科试验班类(地球科学与资源环境类),环境科学与工程,830
理科试验班类（高等理科学院）,理科实验班,1302
理科试验班类(高等理科学院),理科实验班,1302
捷克语,外国语言文学,502
教育技术学,教育学,401
教育技术学（公费师范）,教育学,401
教育技术学(师范),教育学,401
教育技术学（师范）,教育学,401
教育学,教育学,401
教育学（文史）,教育学,401
教育学（师范）,教育学,401
教育学(师范),教育学,401
教育学（师范类）,教育学,401
教育学（国家试点学院）,教育学,401
教育学(国家试点学院),教育学,401
教育学（晏阳初实验班）,教育学,401
教育学(晏阳初实验班),教育学,401
教育学（理工）,教育学,401
教育学类,教育学,401
教育学类（中外合作办学）,教育学,401
教育学类（中外合作办学）学前教育,教育学,401
教育学类(学前教育、小学教育)(师范),教育学,401
教育学类(晏阳初实验班),教育学,401
教育学类（教育技术学、学前教育、小学教育）,教育学,401
教育康复学,教育学,401
探测制导与控制技术,地质资源与地质工程,818
探测制导与控制技术（航天）,控制科学与工程,811
基础医学,基础医学,1001
基础医学(五年),基础医学,1001
基础医学（五年制）,基础医学,1001
基础医学（基地班）,基础医学,1001
基础医学(基地班),基础医学,1001
勘查技术与工程,轻工技术与工程,822
勘查技术与工程(钻探工程方向),轻工技术与工程,822
勘查技术与工程(勘查地球物理方向),轻工技术与工程,822
救助与打捞工程,轻工技术与工程,822
眼视光医学,临床医学,1002
眼视光医学(五年),临床医学,1002
眼视光学,物理学,702
野生动物与自然保护区管理,林学,907
野生动物与自然保护区管理（森林康养方向）,林学,907
船舶与海洋工程,船舶与海洋工程,824
船舶与海洋工程（船舶与海洋卓越计划实验班）,船舶与海洋工程,824
麻醉学,临床医学,1002
麻醉学(五年),临床医学,1002
康复治疗学,临床医学,1002
商务英语,外国语言文学,502
商务经济学,理论经济学;应用经济学,201;202
越南语,外国语言文学,502
葡萄与葡萄酒工程,外国语言文学,502
葡萄牙语,外国语言文学,502
葡萄酒与葡萄酒工程,外国语言文学,502
朝鲜语,外国语言文学,502
朝鲜语（韩语）,外国语言文学,502
植物生产类,生物学,710
植物生产类（Ⅰ）,生物学,710
植物生产类（Ⅱ）,生物学,710
植物生产类（双语班）,生物学,710
植物生产类（农学、园艺）,生物学,710
植物生产类（预科）,生物学,710
植物科学与技术,生物学,710
植物科学与技术(中外合作办学),生物学,710
植物保护,植物保护,904
森林工程,林业工程,829
森林保护,林学,907
智能电网信息工程,控制科学与工程,811
智能医学工程,控制科学与工程,811
智能制造工程,控制科学与工程,811
智能制造与车辆实验班,控制科学与工程,811
智能制造与车辆实验班(民族班),控制科学与工程,811
智能制造与车辆实验班(国家专项),控制科学与工程,811
智能建造,控制科学与工程,811
智能科学与技术,控制科学与工程,811
智能科学与技术(智能媒体技术方向),控制科学与工程,811
税收学,应用经济学,202
集成电路设计,电子科学与技术,809
集成电路设计与集成系统,电子科学与技术,809
集成电路设计与集成系统（集成电路卓越计划实验班）,电子科学与技术,809
道路桥梁与渡河工程,土木工程,814
道路桥梁与渡河工程（中外合作办学）,土木工程,814
道路桥梁与渡河工程（国际工程班）,土木工程,814
港口航道与海岸工程,水利工程,815
港口航道与海岸工程（定向）,水利工程,815
港口航道与海岸工程(定向),水利工程,815
编辑出版学,中国语言文学;外国语言文学;新闻传播学;艺术学,501;502;503;504
编辑出版学 ,中国语言文学;外国语言文学;新闻传播学;艺术学,501;502;503;504
编辑出版学（网络编辑方向）,中国语言文学;外国语言文学;新闻传播学;艺术学,501;502;503;504
编辑出版学（蒙授）,中国语言文学;外国语言文学;新闻传播学;艺术学,501;502;503;504
瑞典语,外国语言文学,502
摄影,测绘科学与技术,816
蒙古语言文学（文理综合班）,外国语言文学,502
蒙古语言文学（基地）,外国语言文学,502
蒙古语言文学（基里尔蒙古文）,外国语言文学,502
蜂学,畜牧学,905
微电子与集成电路类,电子科学与技术,809
微电子科学与工程,电子科学与技术,809
微电子科学与工程（民）,电子科学与技术,809
微电子科学与工程（定向）,电子科学与技术,809
微电子科学与技术,电子科学与技术,809
遥感科学与技术,测绘科学与技术,816
遥感科学与技术(遥感科学与技术类),测绘科学与技术,816
新闻,新闻传播学,503
新闻传播学,新闻传播学,503
新闻传播学类,新闻传播学,503
新闻传播学类 ,新闻传播学,503
新闻传播学类（文）,新闻传播学,503
新闻传播学类（双语类）,新闻传播学,503
新闻传播学类（民考汉）,新闻传播学,503
新闻传播学类(民族班),新闻传播学,503
新闻传播学类(含新闻学、广播电视学、广告学、网络与新媒体),新闻传播学,503
新闻传播学类（国家专项）,新闻传播学,503
新闻传播学类（单列类）,新闻传播学,503
新闻传播学类(定向),新闻传播学,503
新闻传播学类（按新媒体类培养）,新闻传播学,503
新闻传播学类（高校专项）,新闻传播学,503
新闻传播学类（理）,新闻传播学,503
新闻传播学类（普通类）,新闻传播学,503
新闻传播学类（新闻学、广播电视学）,新闻传播学,503
新闻传播学类(新闻学、广播电视学、广告学、网络与新媒体),新闻传播学,503
新闻传播类,新闻传播学,503
新闻学,新闻传播学,503
新闻学（文史）,新闻传播学,503
新闻学（双语类）,新闻传播学,503
新闻学（卓越人才实验班）,新闻传播学,503
新闻学（国际新闻）,新闻传播学,503
新闻学（国家贫困专项）,新闻传播学,503
新闻学（单列）,新闻传播学,503
新闻学(法制新闻）,新闻传播学,503
新闻学（法制新闻）,新闻传播学,503
新闻学（经济新闻方向）,新闻传播学,503
新闻学（理工）,新闻传播学,503
新闻学（厦门大学马来西亚分校）,新闻传播学,503
新闻学（普通类）,新闻传播学,503
新闻学（蒙授）,新闻传播学,503
新闻学(数据新闻报道方向),新闻传播学,503
新能源材料与器件,农业工程,828
新能源科学与工程,农业工程,828
新能源科学与工程（厦门大学马来西亚分校）,农业工程,828
意大利语,外国语言文学,502
粮食工程,食品科学与工程,832
数字媒体艺术,新闻传播学,503
数字媒体技术,新闻传播学,503
数字媒体技术 ,新闻传播学,503
数字媒体技术（中外合作办学 中爱）,新闻传播学,503
数字媒体技术（中外合作办学）,新闻传播学,503
数字媒体技术（厦门大学马来西亚分校）,新闻传播学,503
数字媒体技术（游戏设计技术方向）,新闻传播学,503
数字媒体技术(游戏设计技术方向),新闻传播学,503
数学,数学,701
数学与应用数学,数学,701
数学与应用数学（与金融学复合）,数学,701
数学与应用数学（公费师范）,数学,701
数学与应用数学（双语类）,数学,701
数学与应用数学(师范),数学,701
数学与应用数学（师范）,数学,701
数学与应用数学(师范类),数学,701
数学与应用数学（免费师范）,数学,701
数学与应用数学(英才班),数学,701
数学与应用数学（金融数学方向）,数学,701
数学与应用数学（单列）,数学,701
数学与应用数学（单列类）,数学,701
数学与应用数学(南单理）,数学,701
数学与应用数学（信息英才班）,数学,701
数学与应用数学(信息英才班),数学,701
数学与应用数学（预科）,数学,701
数学与应用数学（基地班）,数学,701
数学与应用数学(基地班),数学,701
数学与应用数学（基础学科拔尖人才培养实验班）,数学,701
数学与应用数学（厦门大学马来西亚分校）,数学,701
数学与应用数学（普通类）,数学,701
数学与应用数学（数学与经济学双学位班）,数学,701
数学与应用数学（数学经济创新班）,数学,701
数学与应用数学(数学经济创新班),数学,701
数学和应用数学,数学,701
数学类,数学,701
数学类 ,数学,701
数学类(含数学与应用数学(基地班)、信息与计算科学),数学,701
数学类(含数学与应用数学、信息与计算科学专业),数学,701
数学类（应用数学与统计）,数学,701
数学类(应用数学与统计),数学,701
数学类(茅以升学院),数学,701
数学类（金融数学）,数学,701
数学类（信息与计算科学、数学与应用数学）,数学,701
数学类(信息与计算科学、数学与应用数学),数学,701
数学类（数学与应用数学(与金融学复合)、信息与计算科学、数学与应用,数学,701
数学类(数学与应用数学、信息与计算科学),数学,701
数学类(数学与应用数学、信息与计算科学) ,数学,701
数学类(数学与应用数学、信息与计算科学)(含基地班),数学,701
数学类（数学与应用数学、信息与计算科学、统计学、金融数学）,数学,701
数学类（数学与应用数学、统计学）,数学,701
数学类(数理实验班),数学,701
数学菁英班,数学,701
数学菁英班（国家专项）,数学,701
数理基础科学（数理基地，物理学）,数学,701
"数理基础科学（数理基地,数学）",数学,701
数据科学与大数据,计算机科学与技术,812
数据科学与大数据技术,计算机科学与技术,812
数据科学与大数据技术（双语类）,计算机科学与技术,812
数据科学与大数据技术(传媒大数据方向),计算机科学与技术,812
数据科学与大数据技术（单列类）,计算机科学与技术,812
数据科学与大数据技术（普通类）,计算机科学与技术,812
塞尔维亚语,外国语言文学,502
酿酒工程,食品科学与工程,832
舞蹈表演,艺术学,504
舞蹈学,艺术学,504
管理科学,"工商管理;农林经济管理;公共管理;图书馆,情报与档案管理",1202;1203;1204
管理科学与 ?工程类,"工商管理;农林经济管理;公共管理;图书馆,情报与档案管理",1202;1203;1204
管理科学与工程类,"工商管理;农林经济管理;公共管理;图书馆,情报与档案管理",1202;1203;1204
管理科学与工程类  （大数据管理类）,"工商管理;农林经济管理;公共管理;图书馆,情报与档案管理",1202;1203;1204
管理科学与工程类（中外合作）,"工商管理;农林经济管理;公共管理;图书馆,情报与档案管理",1202;1203;1204
管理科学与工程类（中外合作办学）,"工商管理;农林经济管理;公共管理;图书馆,情报与档案管理",1202;1203;1204
管理科学与工程类(文),"工商管理;农林经济管理;公共管理;图书馆,情报与档案管理",1202;1203;1204
管理科学与工程类（文）,"工商管理;农林经济管理;公共管理;图书馆,情报与档案管理",1202;1203;1204
管理科学与工程类(文史),"工商管理;农林经济管理;公共管理;图书馆,情报与档案管理",1202;1203;1204
管理科学与工程类（文科）,"工商管理;农林经济管理;公共管理;图书馆,情报与档案管理",1202;1203;1204
管理科学与工程类（含信息管理与信息系统）,"工商管理;农林经济管理;公共管理;图书馆,情报与档案管理",1202;1203;1204
管理科学与工程类(含信息管理与信息系统、工程管理、物流管理专业),"工商管理;农林经济管理;公共管理;图书馆,情报与档案管理",1202;1203;1204
管理科学与工程类（含信息管理与信息系统专业、管理科学专业<金融工程方向>）,"工商管理;农林经济管理;公共管理;图书馆,情报与档案管理",1202;1203;1204
管理科学与工程类（信息管理与信息系统）,"工商管理;农林经济管理;公共管理;图书馆,情报与档案管理",1202;1203;1204
管理科学与工程类（信息管理与信息系统、工业工程）,"工商管理;农林经济管理;公共管理;图书馆,情报与档案管理",1202;1203;1204
管理科学与工程类（信息管理与信息系统、工业工程、电子商务）,"工商管理;农林经济管理;公共管理;图书馆,情报与档案管理",1202;1203;1204
管理科学与工程类(信息管理与信息系统、工业工程、电子商务）,"工商管理;农林经济管理;公共管理;图书馆,情报与档案管理",1202;1203;1204
管理科学与工程类（信息管理与信息系统、工业工程、电子商务、物流,"工商管理;农林经济管理;公共管理;图书馆,情报与档案管理",1202;1203;1204
管理科学与工程类(信息管理与信息系统、工业工程、电子商务、物流管,"工商管理;农林经济管理;公共管理;图书馆,情报与档案管理",1202;1203;1204
管理科学与工程类（信息管理与信息系统、工业工程、电子商务、物流管,"工商管理;农林经济管理;公共管理;图书馆,情报与档案管理",1202;1203;1204
管理科学与工程类（理）,"工商管理;农林经济管理;公共管理;图书馆,情报与档案管理",1202;1203;1204
管理科学与工程类(理),"工商管理;农林经济管理;公共管理;图书馆,情报与档案管理",1202;1203;1204
管理科学与工程类(理工),"工商管理;农林经济管理;公共管理;图书馆,情报与档案管理",1202;1203;1204
管理科学与工程类（管理科学<金融工程方向>,"工商管理;农林经济管理;公共管理;图书馆,情报与档案管理",1202;1203;1204
管理科学与工程类（管理科学专业<金融工程方向>）,"工商管理;农林经济管理;公共管理;图书馆,情报与档案管理",1202;1203;1204
僧伽罗语,外国语言文学,502
精细化工,化学工程与技术,817
精算学,数学,701
播音与主持艺术,艺术学,504
播音与主持艺术（艺术文）,艺术学,504
播音与主持艺术（艺术理）,艺术学,504
德语,外国语言文学,502
德语 ,外国语言文学,502
德语(师范),外国语言文学,502
德语（国际传播）,外国语言文学,502
德语（经济学）,外国语言文学,502
德语（涉外法商）,外国语言文学,502
德语（商务）,外国语言文学,502
雕塑,艺术学,504
翻译,外国语言文学,502
翻译(双外语),外国语言文学,502
翻译（涉外法商）,外国语言文学,502
